[01Sept2025 23:49:58.662] [main/INFO] [cpw.mods.modlauncher.Launcher/MODLAUNCHER]: ModLauncher running: args [--launchTarget, forgeclientuserdev, --version, MOD_DEV, --assetIndex, 5, --assetsDir, C:\Users\Samantha\.gradle\caches\forge_gradle\assets, --gameDir, ., --fml.forgeVersion, 47.3.0, --fml.mcVersion, 1.20.1, --fml.forgeGroup, net.minecraftforge, --fml.mcpVersion, 20230612.114412]
[01Sept2025 23:49:58.669] [main/INFO] [cpw.mods.modlauncher.Launcher/MODLAUNCHER]: ModLauncher 10.0.9+10.0.9+main.dcd20f30 starting: java version 17.0.16 by Microsoft; OS Windows 11 arch amd64 version 10.0
[01Sept2025 23:49:58.895] [main/INFO] [net.minecraftforge.fml.loading.ImmediateWindowHandler/]: Loading ImmediateWindowProvider fmlearlywindow
[01Sept2025 23:49:59.186] [main/INFO] [EARLYDISPLAY/]: Trying GL version 4.6
[01Sept2025 23:49:59.362] [main/INFO] [EARLYDISPLAY/]: Requested GL version 4.6 got version 4.6
[01Sept2025 23:49:59.718] [main/INFO] [mixin/]: SpongePowered MIXIN Subsystem Version=0.8.5 Source=union:/C:/Users/Samantha/.gradle/caches/modules-2/files-2.1/org.spongepowered/mixin/0.8.5/9d1c0c3a304ae6697ecd477218fa61b850bf57fc/mixin-0.8.5.jar%23128!/ Service=ModLauncher Env=CLIENT
[01Sept2025 23:49:59.794] [pool-2-thread-1/INFO] [EARLYDISPLAY/]: GL info: AMD Custom GPU 0405 GL version 4.6.0 Core Profile Context 23.10.20.01.230906, ATI Technologies Inc.
[01Sept2025 23:50:00.249] [main/WARN] [net.minecraftforge.fml.loading.moddiscovery.ModFileParser/LOADING]: Mod file C:\Users\Samantha\.gradle\caches\modules-2\files-2.1\net.minecraftforge\javafmllanguage\1.20.1-47.3.0\d7ebc62120f202109e300e084ca1a31a7b946a62\javafmllanguage-1.20.1-47.3.0.jar is missing mods.toml file
[01Sept2025 23:50:00.255] [main/WARN] [net.minecraftforge.fml.loading.moddiscovery.ModFileParser/LOADING]: Mod file C:\Users\Samantha\.gradle\caches\modules-2\files-2.1\net.minecraftforge\lowcodelanguage\1.20.1-47.3.0\1bf3e845ea0ce750096da8c71c8364b188ab74d4\lowcodelanguage-1.20.1-47.3.0.jar is missing mods.toml file
[01Sept2025 23:50:00.261] [main/WARN] [net.minecraftforge.fml.loading.moddiscovery.ModFileParser/LOADING]: Mod file C:\Users\Samantha\.gradle\caches\modules-2\files-2.1\net.minecraftforge\mclanguage\1.20.1-47.3.0\6093682e943ddccbabf70539319d7f2fe64db2e7\mclanguage-1.20.1-47.3.0.jar is missing mods.toml file
[01Sept2025 23:50:00.268] [main/WARN] [net.minecraftforge.fml.loading.moddiscovery.ModFileParser/LOADING]: Mod file C:\Users\Samantha\.gradle\caches\modules-2\files-2.1\net.minecraftforge\fmlcore\1.20.1-47.3.0\3b6be96aba3e323f3c918e8ef6a96312d82d76ad\fmlcore-1.20.1-47.3.0.jar is missing mods.toml file
[01Sept2025 23:50:00.492] [main/INFO] [net.minecraftforge.fml.loading.moddiscovery.JarInJarDependencyLocator/]: No dependencies to load found. Skipping!
[01Sept2025 23:50:02.898] [main/INFO] [cpw.mods.modlauncher.LaunchServiceHandler/MODLAUNCHER]: Launching target 'forgeclientuserdev' with arguments [--version, MOD_DEV, --gameDir, ., --assetsDir, C:\Users\Samantha\.gradle\caches\forge_gradle\assets, --assetIndex, 5]
[01Sept2025 23:50:10.330] [Datafixer Bootstrap/INFO] [com.mojang.datafixers.DataFixerBuilder/]: 188 Datafixer optimizations took 301 milliseconds
[01Sept2025 23:50:13.134] [Render thread/WARN] [net.minecraft.server.packs.VanillaPackResourcesBuilder/]: Assets URL 'union:/C:/Users/Samantha/.gradle/caches/forge_gradle/minecraft_user_repo/net/minecraftforge/forge/1.20.1-47.3.0_mapped_official_1.20.1/forge-1.20.1-47.3.0_mapped_official_1.20.1-recomp.jar%23191!/assets/.mcassetsroot' uses unexpected schema
[01Sept2025 23:50:13.142] [Render thread/WARN] [net.minecraft.server.packs.VanillaPackResourcesBuilder/]: Assets URL 'union:/C:/Users/Samantha/.gradle/caches/forge_gradle/minecraft_user_repo/net/minecraftforge/forge/1.20.1-47.3.0_mapped_official_1.20.1/forge-1.20.1-47.3.0_mapped_official_1.20.1-recomp.jar%23191!/data/.mcassetsroot' uses unexpected schema
[01Sept2025 23:50:13.180] [Render thread/INFO] [com.mojang.authlib.yggdrasil.YggdrasilAuthenticationService/]: Environment: authHost='https://authserver.mojang.com', accountsHost='https://api.mojang.com', sessionHost='https://sessionserver.mojang.com', servicesHost='https://api.minecraftservices.com', name='PROD'
[01Sept2025 23:50:13.192] [Render thread/INFO] [net.minecraft.client.Minecraft/]: Setting user: Dev
[01Sept2025 23:50:13.437] [Render thread/INFO] [net.minecraft.client.Minecraft/]: Backend library: LWJGL version 3.3.1 build 7
[01Sept2025 23:50:13.831] [modloading-worker-0/INFO] [net.minecraftforge.common.ForgeMod/FORGEMOD]: Forge mod loading, version 47.3.0, for MC 1.20.1 with MCP 20230612.114412
[01Sept2025 23:50:13.831] [modloading-worker-0/INFO] [net.minecraftforge.common.MinecraftForge/FORGE]: MinecraftForge v47.3.0 Initialized
[01Sept2025 23:50:14.082] [modloading-worker-0/INFO] [mezz.jei.library.load.PluginCaller/]: Sending ConfigManager...
[01Sept2025 23:50:14.088] [modloading-worker-0/INFO] [mezz.jei.library.load.PluginCaller/]: Sending ConfigManager took 4.136 ms
[01Sept2025 23:50:17.922] [Render thread/INFO] [net.minecraftforge.gametest.ForgeGameTestHooks/]: Enabled Gametest Namespaces: []
[01Sept2025 23:50:18.659] [Render thread/INFO] [net.minecraft.server.packs.resources.ReloadableResourceManager/]: Reloading ResourceManager: vanilla, mod_resources
[01Sept2025 23:50:18.778] [Forge Version Check/INFO] [net.minecraftforge.fml.VersionChecker/]: [forge] Starting version check at https://files.minecraftforge.net/net/minecraftforge/forge/promotions_slim.json
[01Sept2025 23:50:19.156] [Worker-Main-5/INFO] [net.minecraft.client.gui.font.providers.UnihexProvider/]: Found unifont_all_no_pua-15.0.06.hex, loading
[01Sept2025 23:50:19.903] [Worker-Main-7/ERROR] [net.minecraft.client.resources.model.ModelManager/]: Failed to load model teabs_doctor_who_mod:models/custom/shieldscontrolon.json
net.minecraft.ResourceLocationException: Non [a-z0-9/._-] character in path of location: minecraft:ShieldsControlOn
	at net.minecraft.resources.ResourceLocation.assertValidPath(ResourceLocation.java:236) ~[forge-1.20.1-47.3.0_mapped_official_1.20.1-recomp.jar%23191!/:?]
	at net.minecraft.resources.ResourceLocation.<init>(ResourceLocation.java:38) ~[forge-1.20.1-47.3.0_mapped_official_1.20.1-recomp.jar%23191!/:?]
	at net.minecraft.resources.ResourceLocation.<init>(ResourceLocation.java:42) ~[forge-1.20.1-47.3.0_mapped_official_1.20.1-recomp.jar%23191!/:?]
	at net.minecraft.resources.ResourceLocation.<init>(ResourceLocation.java:46) ~[forge-1.20.1-47.3.0_mapped_official_1.20.1-recomp.jar%23191!/:?]
	at net.minecraft.client.renderer.block.model.BlockModel$Deserializer.deserialize(BlockModel.java:321) ~[forge-1.20.1-47.3.0_mapped_official_1.20.1-recomp.jar%23191!/:?]
	at net.minecraftforge.client.model.ExtendedBlockModelDeserializer.deserialize(ExtendedBlockModelDeserializer.java:53) ~[forge-1.20.1-47.3.0_mapped_official_1.20.1-recomp.jar%23190%23197!/:?]
	at net.minecraftforge.client.model.ExtendedBlockModelDeserializer.deserialize(ExtendedBlockModelDeserializer.java:38) ~[forge-1.20.1-47.3.0_mapped_official_1.20.1-recomp.jar%23190%23197!/:?]
	at com.google.gson.internal.bind.TreeTypeAdapter.read(TreeTypeAdapter.java:76) ~[gson-2.10.jar%23130!/:?]
	at net.minecraft.util.GsonHelper.fromNullableJson(GsonHelper.java:434) ~[forge-1.20.1-47.3.0_mapped_official_1.20.1-recomp.jar%23191!/:?]
	at net.minecraft.util.GsonHelper.fromJson(GsonHelper.java:441) ~[forge-1.20.1-47.3.0_mapped_official_1.20.1-recomp.jar%23191!/:?]
	at net.minecraft.util.GsonHelper.fromJson(GsonHelper.java:493) ~[forge-1.20.1-47.3.0_mapped_official_1.20.1-recomp.jar%23191!/:?]
	at net.minecraft.client.renderer.block.model.BlockModel.fromStream(BlockModel.java:74) ~[forge-1.20.1-47.3.0_mapped_official_1.20.1-recomp.jar%23191!/:?]
	at net.minecraft.client.resources.model.ModelManager.lambda$loadBlockModels$8(ModelManager.java:110) ~[forge-1.20.1-47.3.0_mapped_official_1.20.1-recomp.jar%23191!/:?]
	at java.util.concurrent.CompletableFuture$AsyncSupply.run(CompletableFuture.java:1768) ~[?:?]
	at java.util.concurrent.CompletableFuture$AsyncSupply.exec(CompletableFuture.java:1760) ~[?:?]
	at java.util.concurrent.ForkJoinTask.doExec(ForkJoinTask.java:373) ~[?:?]
	at java.util.concurrent.ForkJoinPool$WorkQueue.topLevelExec(ForkJoinPool.java:1182) ~[?:?]
	at java.util.concurrent.ForkJoinPool.scan(ForkJoinPool.java:1655) ~[?:?]
	at java.util.concurrent.ForkJoinPool.runWorker(ForkJoinPool.java:1622) ~[?:?]
	at java.util.concurrent.ForkJoinWorkerThread.run(ForkJoinWorkerThread.java:165) ~[?:?]
[01Sept2025 23:50:19.973] [Forge Version Check/INFO] [net.minecraftforge.fml.VersionChecker/]: [forge] Found status: OUTDATED Current: 47.3.0 Target: 47.4.0
[01Sept2025 23:50:20.913] [Worker-Main-7/WARN] [net.minecraft.client.resources.model.ModelBakery/]: Unable to load model: 'minecraft:handles' referenced from: teabs_doctor_who_mod:handles#facing=north,waterlogged=true: java.io.FileNotFoundException: minecraft:models/handles.json
[01Sept2025 23:50:20.914] [Worker-Main-7/WARN] [net.minecraft.client.resources.model.ModelBakery/]: Unable to load model: 'minecraft:extrapolator' referenced from: teabs_doctor_who_mod:extrapolator#facing=north,waterlogged=true: java.io.FileNotFoundException: minecraft:models/extrapolator.json
[01Sept2025 23:50:20.914] [Worker-Main-7/WARN] [net.minecraft.client.resources.model.ModelBakery/]: Unable to load model: 'minecraft:glass_dalek' referenced from: teabs_doctor_who_mod:glass_dalek_block#facing=north,waterlogged=true: java.io.FileNotFoundException: minecraft:models/glass_dalek.json
[01Sept2025 23:50:20.915] [Worker-Main-7/WARN] [net.minecraft.client.resources.model.ModelBakery/]: Unable to load model: 'minecraft:villengard_landmine' referenced from: teabs_doctor_who_mod:villengard_landmine#facing=north,waterlogged=true: java.io.FileNotFoundException: minecraft:models/villengard_landmine.json
[01Sept2025 23:50:20.933] [Worker-Main-7/WARN] [net.minecraft.client.resources.model.ModelBakery/]: Unable to load model: 'minecraft:dalek_cannon' referenced from: teabs_doctor_who_mod:explosive_dalek_gunstick#inventory: java.io.FileNotFoundException: minecraft:models/dalek_cannon.json
[01Sept2025 23:50:20.934] [Worker-Main-7/WARN] [net.minecraft.client.resources.model.ModelBakery/]: Unable to load model: 'minecraft:stazer' referenced from: teabs_doctor_who_mod:timelord_staser#inventory: java.io.FileNotFoundException: minecraft:models/stazer.json
[01Sept2025 23:50:20.935] [Worker-Main-7/WARN] [net.minecraft.client.resources.model.ModelBakery/]: Unable to load model: 'minecraft:demat_gun' referenced from: teabs_doctor_who_mod:demat_gun#inventory: java.io.FileNotFoundException: minecraft:models/demat_gun.json
[01Sept2025 23:50:20.935] [Worker-Main-7/WARN] [net.minecraft.client.resources.model.ModelBakery/]: Unable to load model: 'minecraft:timey_wimey_detector' referenced from: teabs_doctor_who_mod:timey_wimey_detector#inventory: java.io.FileNotFoundException: minecraft:models/timey_wimey_detector.json
[01Sept2025 23:50:20.937] [Worker-Main-7/WARN] [net.minecraft.client.resources.model.ModelBakery/]: Unable to load model: 'dalekapi:example_sonic#inventory' referenced from: dalekapi:example_sonic#inventory: java.io.FileNotFoundException: dalekapi:models/item/example_sonic.json
[01Sept2025 23:50:20.937] [Worker-Main-7/WARN] [net.minecraft.client.resources.model.ModelBakery/]: Unable to load model: 'dalekapi:data_sonic#inventory' referenced from: dalekapi:data_sonic#inventory: java.io.FileNotFoundException: dalekapi:models/item/data_sonic.json
[01Sept2025 23:50:22.075] [modloading-worker-0/ERROR] [net.minecraft.Util/]: Entity dalekapi:data_dalek has no attributes
[01Sept2025 23:50:22.075] [modloading-worker-0/ERROR] [net.minecraft.Util/]: Entity dalekapi:data_cyberman has no attributes
[01Sept2025 23:50:22.075] [modloading-worker-0/ERROR] [net.minecraft.Util/]: Entity dalekapi:data_dalek has no attributes
[01Sept2025 23:50:22.076] [modloading-worker-0/ERROR] [net.minecraft.Util/]: Entity dalekapi:data_cyberman has no attributes
[01Sept2025 23:50:22.076] [modloading-worker-0/ERROR] [net.minecraft.Util/]: Entity dalekapi:data_dalek has no attributes
[01Sept2025 23:50:22.076] [modloading-worker-0/ERROR] [net.minecraft.Util/]: Entity dalekapi:data_cyberman has no attributes
[01Sept2025 23:50:22.076] [modloading-worker-0/ERROR] [net.minecraft.Util/]: Entity dalekapi:data_dalek has no attributes
[01Sept2025 23:50:22.076] [modloading-worker-0/ERROR] [net.minecraft.Util/]: Entity dalekapi:data_cyberman has no attributes
[01Sept2025 23:50:22.076] [modloading-worker-0/ERROR] [net.minecraft.Util/]: Entity dalekapi:data_dalek has no attributes
[01Sept2025 23:50:22.076] [modloading-worker-0/ERROR] [net.minecraft.Util/]: Entity dalekapi:data_cyberman has no attributes
[01Sept2025 23:50:22.077] [modloading-worker-0/ERROR] [net.minecraft.Util/]: Entity dalekapi:data_dalek has no attributes
[01Sept2025 23:50:22.077] [modloading-worker-0/ERROR] [net.minecraft.Util/]: Entity dalekapi:data_cyberman has no attributes
[01Sept2025 23:50:22.077] [modloading-worker-0/ERROR] [net.minecraft.Util/]: Entity dalekapi:data_dalek has no attributes
[01Sept2025 23:50:22.077] [modloading-worker-0/ERROR] [net.minecraft.Util/]: Entity dalekapi:data_cyberman has no attributes
[01Sept2025 23:50:22.077] [modloading-worker-0/ERROR] [net.minecraft.Util/]: Entity dalekapi:data_dalek has no attributes
[01Sept2025 23:50:22.077] [modloading-worker-0/ERROR] [net.minecraft.Util/]: Entity dalekapi:data_cyberman has no attributes
[01Sept2025 23:50:22.078] [modloading-worker-0/ERROR] [net.minecraft.Util/]: Entity dalekapi:data_dalek has no attributes
[01Sept2025 23:50:22.078] [modloading-worker-0/ERROR] [net.minecraft.Util/]: Entity dalekapi:data_cyberman has no attributes
[01Sept2025 23:50:22.078] [modloading-worker-0/ERROR] [net.minecraft.Util/]: Entity dalekapi:data_dalek has no attributes
[01Sept2025 23:50:22.079] [modloading-worker-0/ERROR] [net.minecraft.Util/]: Entity dalekapi:data_cyberman has no attributes
[01Sept2025 23:50:22.079] [modloading-worker-0/ERROR] [net.minecraft.Util/]: Entity dalekapi:data_dalek has no attributes
[01Sept2025 23:50:22.079] [modloading-worker-0/ERROR] [net.minecraft.Util/]: Entity dalekapi:data_cyberman has no attributes
[01Sept2025 23:50:22.080] [modloading-worker-0/ERROR] [net.minecraft.Util/]: Entity dalekapi:data_dalek has no attributes
[01Sept2025 23:50:22.080] [modloading-worker-0/ERROR] [net.minecraft.Util/]: Entity dalekapi:data_cyberman has no attributes
[01Sept2025 23:50:22.080] [modloading-worker-0/ERROR] [net.minecraft.Util/]: Entity dalekapi:data_dalek has no attributes
[01Sept2025 23:50:22.080] [modloading-worker-0/ERROR] [net.minecraft.Util/]: Entity dalekapi:data_cyberman has no attributes
[01Sept2025 23:50:22.080] [modloading-worker-0/ERROR] [net.minecraft.Util/]: Entity dalekapi:data_dalek has no attributes
[01Sept2025 23:50:22.080] [modloading-worker-0/ERROR] [net.minecraft.Util/]: Entity dalekapi:data_cyberman has no attributes
[01Sept2025 23:50:22.082] [modloading-worker-0/ERROR] [net.minecraft.Util/]: Entity dalekapi:data_dalek has no attributes
[01Sept2025 23:50:22.082] [modloading-worker-0/ERROR] [net.minecraft.Util/]: Entity dalekapi:data_cyberman has no attributes
[01Sept2025 23:50:22.082] [modloading-worker-0/ERROR] [net.minecraft.Util/]: Entity dalekapi:data_dalek has no attributes
[01Sept2025 23:50:22.082] [modloading-worker-0/ERROR] [net.minecraft.Util/]: Entity dalekapi:data_cyberman has no attributes
[01Sept2025 23:50:22.082] [modloading-worker-0/ERROR] [net.minecraft.Util/]: Entity dalekapi:data_dalek has no attributes
[01Sept2025 23:50:22.082] [modloading-worker-0/ERROR] [net.minecraft.Util/]: Entity dalekapi:data_cyberman has no attributes
[01Sept2025 23:50:22.082] [modloading-worker-0/ERROR] [net.minecraft.Util/]: Entity dalekapi:data_dalek has no attributes
[01Sept2025 23:50:22.082] [modloading-worker-0/ERROR] [net.minecraft.Util/]: Entity dalekapi:data_cyberman has no attributes
[01Sept2025 23:50:22.083] [modloading-worker-0/ERROR] [net.minecraft.Util/]: Entity dalekapi:data_dalek has no attributes
[01Sept2025 23:50:22.083] [modloading-worker-0/ERROR] [net.minecraft.Util/]: Entity dalekapi:data_cyberman has no attributes
[01Sept2025 23:50:23.215] [Render thread/WARN] [net.minecraft.client.sounds.SoundEngine/]: Missing sound for event: minecraft:item.goat_horn.play
[01Sept2025 23:50:23.216] [Render thread/WARN] [net.minecraft.client.sounds.SoundEngine/]: Missing sound for event: minecraft:entity.goat.screaming.horn_break
[01Sept2025 23:50:23.427] [Render thread/INFO] [com.mojang.blaze3d.audio.Library/]: OpenAL initialized on device OpenAL Soft on Speakers (AMD Audio Device)
[01Sept2025 23:50:23.428] [Render thread/INFO] [net.minecraft.client.sounds.SoundEngine/SOUNDS]: Sound engine started
[01Sept2025 23:50:23.588] [Render thread/INFO] [net.minecraft.client.renderer.texture.TextureAtlas/]: Created: 2048x1024x2 minecraft:textures/atlas/blocks.png-atlas
[01Sept2025 23:50:23.629] [Render thread/INFO] [net.minecraft.client.renderer.texture.TextureAtlas/]: Created: 256x256x2 minecraft:textures/atlas/signs.png-atlas
[01Sept2025 23:50:23.630] [Render thread/INFO] [net.minecraft.client.renderer.texture.TextureAtlas/]: Created: 512x512x2 minecraft:textures/atlas/shield_patterns.png-atlas
[01Sept2025 23:50:23.632] [Render thread/INFO] [net.minecraft.client.renderer.texture.TextureAtlas/]: Created: 512x512x2 minecraft:textures/atlas/banner_patterns.png-atlas
[01Sept2025 23:50:23.635] [Render thread/INFO] [net.minecraft.client.renderer.texture.TextureAtlas/]: Created: 1024x1024x2 minecraft:textures/atlas/armor_trims.png-atlas
[01Sept2025 23:50:23.643] [Render thread/INFO] [net.minecraft.client.renderer.texture.TextureAtlas/]: Created: 128x64x2 minecraft:textures/atlas/decorated_pot.png-atlas
[01Sept2025 23:50:23.643] [Render thread/INFO] [net.minecraft.client.renderer.texture.TextureAtlas/]: Created: 256x256x2 minecraft:textures/atlas/chest.png-atlas
[01Sept2025 23:50:23.644] [Render thread/INFO] [net.minecraft.client.renderer.texture.TextureAtlas/]: Created: 512x256x2 minecraft:textures/atlas/shulker_boxes.png-atlas
[01Sept2025 23:50:23.644] [Render thread/INFO] [net.minecraft.client.renderer.texture.TextureAtlas/]: Created: 512x256x2 minecraft:textures/atlas/beds.png-atlas
[01Sept2025 23:50:23.941] [Render thread/WARN] [net.minecraft.client.renderer.ShaderInstance/]: Shader rendertype_entity_translucent_emissive could not find sampler named Sampler2 in the specified shader program.
[01Sept2025 23:50:24.063] [Render thread/INFO] [net.minecraft.client.renderer.texture.TextureAtlas/]: Created: 256x256x0 minecraft:textures/atlas/particles.png-atlas
[01Sept2025 23:50:24.065] [Render thread/INFO] [net.minecraft.client.renderer.texture.TextureAtlas/]: Created: 2048x2048x0 minecraft:textures/atlas/paintings.png-atlas
[01Sept2025 23:50:24.068] [Render thread/INFO] [net.minecraft.client.renderer.texture.TextureAtlas/]: Created: 256x128x0 minecraft:textures/atlas/mob_effects.png-atlas
[01Sept2025 23:50:24.071] [Render thread/INFO] [net.minecraft.client.renderer.texture.TextureAtlas/]: Created: 256x256x0 jei:textures/atlas/gui.png-atlas
[01Sept2025 23:50:24.313] [Realms Notification Availability checker #1/INFO] [com.mojang.realmsclient.client.RealmsClient/]: Could not authorize you against Realms server: java.lang.RuntimeException: Failed to parse into SignedJWT: 0
[01Sept2025 23:50:46.161] [Render thread/INFO] [net.minecraftforge.registries.GameData/REGISTRIES]: Injecting existing registry data into this CLIENT instance
[01Sept2025 23:50:46.165] [Render thread/ERROR] [net.minecraft.Util/]: Entity dalekapi:data_dalek has no attributes
[01Sept2025 23:50:46.165] [Render thread/ERROR] [net.minecraft.Util/]: Entity dalekapi:data_cyberman has no attributes
[01Sept2025 23:50:46.165] [Render thread/ERROR] [net.minecraft.Util/]: Entity dalekapi:data_dalek has no attributes
[01Sept2025 23:50:46.166] [Render thread/ERROR] [net.minecraft.Util/]: Entity dalekapi:data_cyberman has no attributes
[01Sept2025 23:50:46.166] [Render thread/ERROR] [net.minecraft.Util/]: Entity dalekapi:data_dalek has no attributes
[01Sept2025 23:50:46.166] [Render thread/ERROR] [net.minecraft.Util/]: Entity dalekapi:data_cyberman has no attributes
[01Sept2025 23:50:46.166] [Render thread/ERROR] [net.minecraft.Util/]: Entity dalekapi:data_dalek has no attributes
[01Sept2025 23:50:46.166] [Render thread/ERROR] [net.minecraft.Util/]: Entity dalekapi:data_cyberman has no attributes
[01Sept2025 23:50:46.166] [Render thread/ERROR] [net.minecraft.Util/]: Entity dalekapi:data_dalek has no attributes
[01Sept2025 23:50:46.167] [Render thread/ERROR] [net.minecraft.Util/]: Entity dalekapi:data_cyberman has no attributes
[01Sept2025 23:50:46.167] [Render thread/ERROR] [net.minecraft.Util/]: Entity dalekapi:data_dalek has no attributes
[01Sept2025 23:50:46.167] [Render thread/ERROR] [net.minecraft.Util/]: Entity dalekapi:data_cyberman has no attributes
[01Sept2025 23:50:46.167] [Render thread/ERROR] [net.minecraft.Util/]: Entity dalekapi:data_dalek has no attributes
[01Sept2025 23:50:46.167] [Render thread/ERROR] [net.minecraft.Util/]: Entity dalekapi:data_cyberman has no attributes
[01Sept2025 23:50:46.167] [Render thread/ERROR] [net.minecraft.Util/]: Entity dalekapi:data_dalek has no attributes
[01Sept2025 23:50:46.167] [Render thread/ERROR] [net.minecraft.Util/]: Entity dalekapi:data_cyberman has no attributes
[01Sept2025 23:50:46.168] [Render thread/ERROR] [net.minecraft.Util/]: Entity dalekapi:data_dalek has no attributes
[01Sept2025 23:50:46.168] [Render thread/ERROR] [net.minecraft.Util/]: Entity dalekapi:data_cyberman has no attributes
[01Sept2025 23:50:46.168] [Render thread/ERROR] [net.minecraft.Util/]: Entity dalekapi:data_dalek has no attributes
[01Sept2025 23:50:46.168] [Render thread/ERROR] [net.minecraft.Util/]: Entity dalekapi:data_cyberman has no attributes
[01Sept2025 23:50:46.168] [Render thread/ERROR] [net.minecraft.Util/]: Entity dalekapi:data_dalek has no attributes
[01Sept2025 23:50:46.168] [Render thread/ERROR] [net.minecraft.Util/]: Entity dalekapi:data_cyberman has no attributes
[01Sept2025 23:50:46.168] [Render thread/ERROR] [net.minecraft.Util/]: Entity dalekapi:data_dalek has no attributes
[01Sept2025 23:50:46.168] [Render thread/ERROR] [net.minecraft.Util/]: Entity dalekapi:data_cyberman has no attributes
[01Sept2025 23:50:46.168] [Render thread/ERROR] [net.minecraft.Util/]: Entity dalekapi:data_dalek has no attributes
[01Sept2025 23:50:46.169] [Render thread/ERROR] [net.minecraft.Util/]: Entity dalekapi:data_cyberman has no attributes
[01Sept2025 23:50:46.169] [Render thread/ERROR] [net.minecraft.Util/]: Entity dalekapi:data_dalek has no attributes
[01Sept2025 23:50:46.169] [Render thread/ERROR] [net.minecraft.Util/]: Entity dalekapi:data_cyberman has no attributes
[01Sept2025 23:50:46.169] [Render thread/ERROR] [net.minecraft.Util/]: Entity dalekapi:data_dalek has no attributes
[01Sept2025 23:50:46.169] [Render thread/ERROR] [net.minecraft.Util/]: Entity dalekapi:data_cyberman has no attributes
[01Sept2025 23:50:46.169] [Render thread/ERROR] [net.minecraft.Util/]: Entity dalekapi:data_dalek has no attributes
[01Sept2025 23:50:46.169] [Render thread/ERROR] [net.minecraft.Util/]: Entity dalekapi:data_cyberman has no attributes
[01Sept2025 23:50:46.170] [Render thread/ERROR] [net.minecraft.Util/]: Entity dalekapi:data_dalek has no attributes
[01Sept2025 23:50:46.170] [Render thread/ERROR] [net.minecraft.Util/]: Entity dalekapi:data_cyberman has no attributes
[01Sept2025 23:50:46.171] [Render thread/ERROR] [net.minecraft.Util/]: Entity dalekapi:data_dalek has no attributes
[01Sept2025 23:50:46.171] [Render thread/ERROR] [net.minecraft.Util/]: Entity dalekapi:data_cyberman has no attributes
[01Sept2025 23:50:46.171] [Render thread/ERROR] [net.minecraft.Util/]: Entity dalekapi:data_dalek has no attributes
[01Sept2025 23:50:46.171] [Render thread/ERROR] [net.minecraft.Util/]: Entity dalekapi:data_cyberman has no attributes
[01Sept2025 23:50:46.199] [Render thread/INFO] [net.minecraftforge.registries.ForgeRegistry/REGISTRIES]: Registry minecraft:item: Found a missing id from the world dalekapi:cyberman_spawn_egg
[01Sept2025 23:50:46.200] [Render thread/INFO] [net.minecraftforge.registries.ForgeRegistry/REGISTRIES]: Registry minecraft:item: Found a missing id from the world dalekapi:dalek_spawn_egg
[01Sept2025 23:50:46.200] [Render thread/INFO] [net.minecraftforge.registries.ForgeRegistry/REGISTRIES]: Registry minecraft:item: Found a missing id from the world dalekapi:data_sonic_item
[01Sept2025 23:50:46.200] [Render thread/INFO] [net.minecraftforge.registries.ForgeRegistry/REGISTRIES]: Registry minecraft:item: Found a missing id from the world dalekapi:example_sonic_item
[01Sept2025 23:50:46.234] [Render thread/ERROR] [net.minecraftforge.registries.GameData/REGISTRIES]: Unidentified mapping from registry minecraft:item
	dalekapi:cyberman_spawn_egg: 1729
	dalekapi:dalek_spawn_egg: 1728
	dalekapi:data_sonic_item: 1727
	dalekapi:example_sonic_item: 1730

[01Sept2025 23:50:46.236] [Render thread/WARN] [net.minecraftforge.registries.GameData/REGISTRIES]: Forge Mod Loader detected missing registry entries.

There are 4 missing entries in this save.
If you continue the missing entries will get removed.
A world backup will be automatically created in your saves directory.


[01Sept2025 23:50:46.236] [Render thread/WARN] [net.minecraftforge.registries.GameData/REGISTRIES]: Missing minecraft:item:
    dalekapi:cyberman_spawn_egg
    dalekapi:dalek_spawn_egg
    dalekapi:data_sonic_item
    dalekapi:example_sonic_item


[01Sept2025 23:50:46.236] [Render thread/ERROR] [net.minecraftforge.registries.GameData/REGISTRIES]: There are unidentified mappings in this world - we are going to attempt to process anyway
[01Sept2025 23:50:46.240] [Render thread/WARN] [net.minecraftforge.registries.ForgeRegistry/REGISTRIES]: Registry minecraft:item: Object did not get ID it asked for. Name: dalekapi:example_sonic Expected: 1727 Got: 1731
[01Sept2025 23:50:46.240] [Render thread/WARN] [net.minecraftforge.registries.ForgeRegistry/REGISTRIES]: Registry minecraft:item: Object did not get ID it asked for. Name: dalekapi:data_sonic Expected: 1728 Got: 1732
[01Sept2025 23:50:46.251] [Render thread/ERROR] [net.minecraft.Util/]: Entity dalekapi:data_dalek has no attributes
[01Sept2025 23:50:46.251] [Render thread/ERROR] [net.minecraft.Util/]: Entity dalekapi:data_cyberman has no attributes
[01Sept2025 23:50:46.251] [Render thread/ERROR] [net.minecraft.Util/]: Entity dalekapi:data_dalek has no attributes
[01Sept2025 23:50:46.251] [Render thread/ERROR] [net.minecraft.Util/]: Entity dalekapi:data_cyberman has no attributes
[01Sept2025 23:50:46.252] [Render thread/ERROR] [net.minecraft.Util/]: Entity dalekapi:data_dalek has no attributes
[01Sept2025 23:50:46.252] [Render thread/ERROR] [net.minecraft.Util/]: Entity dalekapi:data_cyberman has no attributes
[01Sept2025 23:50:46.252] [Render thread/ERROR] [net.minecraft.Util/]: Entity dalekapi:data_dalek has no attributes
[01Sept2025 23:50:46.252] [Render thread/ERROR] [net.minecraft.Util/]: Entity dalekapi:data_cyberman has no attributes
[01Sept2025 23:50:46.252] [Render thread/ERROR] [net.minecraft.Util/]: Entity dalekapi:data_dalek has no attributes
[01Sept2025 23:50:46.252] [Render thread/ERROR] [net.minecraft.Util/]: Entity dalekapi:data_cyberman has no attributes
[01Sept2025 23:50:46.252] [Render thread/ERROR] [net.minecraft.Util/]: Entity dalekapi:data_dalek has no attributes
[01Sept2025 23:50:46.252] [Render thread/ERROR] [net.minecraft.Util/]: Entity dalekapi:data_cyberman has no attributes
[01Sept2025 23:50:46.252] [Render thread/ERROR] [net.minecraft.Util/]: Entity dalekapi:data_dalek has no attributes
[01Sept2025 23:50:46.252] [Render thread/ERROR] [net.minecraft.Util/]: Entity dalekapi:data_cyberman has no attributes
[01Sept2025 23:50:46.253] [Render thread/ERROR] [net.minecraft.Util/]: Entity dalekapi:data_dalek has no attributes
[01Sept2025 23:50:46.253] [Render thread/ERROR] [net.minecraft.Util/]: Entity dalekapi:data_cyberman has no attributes
[01Sept2025 23:50:46.253] [Render thread/ERROR] [net.minecraft.Util/]: Entity dalekapi:data_dalek has no attributes
[01Sept2025 23:50:46.254] [Render thread/ERROR] [net.minecraft.Util/]: Entity dalekapi:data_cyberman has no attributes
[01Sept2025 23:50:46.254] [Render thread/ERROR] [net.minecraft.Util/]: Entity dalekapi:data_dalek has no attributes
[01Sept2025 23:50:46.254] [Render thread/ERROR] [net.minecraft.Util/]: Entity dalekapi:data_cyberman has no attributes
[01Sept2025 23:50:46.254] [Render thread/ERROR] [net.minecraft.Util/]: Entity dalekapi:data_dalek has no attributes
[01Sept2025 23:50:46.255] [Render thread/ERROR] [net.minecraft.Util/]: Entity dalekapi:data_cyberman has no attributes
[01Sept2025 23:50:46.255] [Render thread/ERROR] [net.minecraft.Util/]: Entity dalekapi:data_dalek has no attributes
[01Sept2025 23:50:46.255] [Render thread/ERROR] [net.minecraft.Util/]: Entity dalekapi:data_cyberman has no attributes
[01Sept2025 23:50:46.255] [Render thread/ERROR] [net.minecraft.Util/]: Entity dalekapi:data_dalek has no attributes
[01Sept2025 23:50:46.255] [Render thread/ERROR] [net.minecraft.Util/]: Entity dalekapi:data_cyberman has no attributes
[01Sept2025 23:50:46.256] [Render thread/ERROR] [net.minecraft.Util/]: Entity dalekapi:data_dalek has no attributes
[01Sept2025 23:50:46.256] [Render thread/ERROR] [net.minecraft.Util/]: Entity dalekapi:data_cyberman has no attributes
[01Sept2025 23:50:46.256] [Render thread/ERROR] [net.minecraft.Util/]: Entity dalekapi:data_dalek has no attributes
[01Sept2025 23:50:46.256] [Render thread/ERROR] [net.minecraft.Util/]: Entity dalekapi:data_cyberman has no attributes
[01Sept2025 23:50:46.256] [Render thread/ERROR] [net.minecraft.Util/]: Entity dalekapi:data_dalek has no attributes
[01Sept2025 23:50:46.256] [Render thread/ERROR] [net.minecraft.Util/]: Entity dalekapi:data_cyberman has no attributes
[01Sept2025 23:50:46.257] [Render thread/ERROR] [net.minecraft.Util/]: Entity dalekapi:data_dalek has no attributes
[01Sept2025 23:50:46.257] [Render thread/ERROR] [net.minecraft.Util/]: Entity dalekapi:data_cyberman has no attributes
[01Sept2025 23:50:46.257] [Render thread/ERROR] [net.minecraft.Util/]: Entity dalekapi:data_dalek has no attributes
[01Sept2025 23:50:46.257] [Render thread/ERROR] [net.minecraft.Util/]: Entity dalekapi:data_cyberman has no attributes
[01Sept2025 23:50:46.258] [Render thread/ERROR] [net.minecraft.Util/]: Entity dalekapi:data_dalek has no attributes
[01Sept2025 23:50:46.258] [Render thread/ERROR] [net.minecraft.Util/]: Entity dalekapi:data_cyberman has no attributes
[01Sept2025 23:50:46.877] [Render thread/INFO] [net.minecraft.server.MinecraftServer/]: Found new data pack file/SonicsExpansion.zip, loading it automatically
[01Sept2025 23:50:48.736] [Render thread/INFO] [net.sapphic.dalekapi.DalekapiMod/]: DalekAPI data managers registered.
[01Sept2025 23:50:49.380] [Render thread/INFO] [net.minecraft.world.item.crafting.RecipeManager/]: Loaded 7 recipes
[01Sept2025 23:50:49.601] [Render thread/INFO] [net.minecraft.advancements.AdvancementList/]: Loaded 1299 advancements
[01Sept2025 23:50:49.603] [Render thread/INFO] [wcore.sapphic.datapack.SonicManager/]: Loaded 0 sonic definitions.
[01Sept2025 23:50:49.603] [Render thread/INFO] [wcore.sapphic.datapack.DalekManager/]: Loaded 0 Dalek definitions.
[01Sept2025 23:50:49.604] [Render thread/INFO] [wcore.sapphic.datapack.CybermanManager/]: Loaded 0 Cyberman definitions.
[01Sept2025 23:50:51.858] [Render thread/INFO] [net.minecraftforge.registries.GameData/REGISTRIES]: Injecting existing registry data into this CLIENT instance
[01Sept2025 23:50:51.862] [Render thread/ERROR] [net.minecraft.Util/]: Entity dalekapi:data_dalek has no attributes
[01Sept2025 23:50:51.862] [Render thread/ERROR] [net.minecraft.Util/]: Entity dalekapi:data_cyberman has no attributes
[01Sept2025 23:50:51.862] [Render thread/ERROR] [net.minecraft.Util/]: Entity dalekapi:data_dalek has no attributes
[01Sept2025 23:50:51.862] [Render thread/ERROR] [net.minecraft.Util/]: Entity dalekapi:data_cyberman has no attributes
[01Sept2025 23:50:51.862] [Render thread/ERROR] [net.minecraft.Util/]: Entity dalekapi:data_dalek has no attributes
[01Sept2025 23:50:51.862] [Render thread/ERROR] [net.minecraft.Util/]: Entity dalekapi:data_cyberman has no attributes
[01Sept2025 23:50:51.862] [Render thread/ERROR] [net.minecraft.Util/]: Entity dalekapi:data_dalek has no attributes
[01Sept2025 23:50:51.863] [Render thread/ERROR] [net.minecraft.Util/]: Entity dalekapi:data_cyberman has no attributes
[01Sept2025 23:50:51.863] [Render thread/ERROR] [net.minecraft.Util/]: Entity dalekapi:data_dalek has no attributes
[01Sept2025 23:50:51.863] [Render thread/ERROR] [net.minecraft.Util/]: Entity dalekapi:data_cyberman has no attributes
[01Sept2025 23:50:51.863] [Render thread/ERROR] [net.minecraft.Util/]: Entity dalekapi:data_dalek has no attributes
[01Sept2025 23:50:51.863] [Render thread/ERROR] [net.minecraft.Util/]: Entity dalekapi:data_cyberman has no attributes
[01Sept2025 23:50:51.863] [Render thread/ERROR] [net.minecraft.Util/]: Entity dalekapi:data_dalek has no attributes
[01Sept2025 23:50:51.863] [Render thread/ERROR] [net.minecraft.Util/]: Entity dalekapi:data_cyberman has no attributes
[01Sept2025 23:50:51.863] [Render thread/ERROR] [net.minecraft.Util/]: Entity dalekapi:data_dalek has no attributes
[01Sept2025 23:50:51.863] [Render thread/ERROR] [net.minecraft.Util/]: Entity dalekapi:data_cyberman has no attributes
[01Sept2025 23:50:51.863] [Render thread/ERROR] [net.minecraft.Util/]: Entity dalekapi:data_dalek has no attributes
[01Sept2025 23:50:51.863] [Render thread/ERROR] [net.minecraft.Util/]: Entity dalekapi:data_cyberman has no attributes
[01Sept2025 23:50:51.863] [Render thread/ERROR] [net.minecraft.Util/]: Entity dalekapi:data_dalek has no attributes
[01Sept2025 23:50:51.864] [Render thread/ERROR] [net.minecraft.Util/]: Entity dalekapi:data_cyberman has no attributes
[01Sept2025 23:50:51.864] [Render thread/ERROR] [net.minecraft.Util/]: Entity dalekapi:data_dalek has no attributes
[01Sept2025 23:50:51.864] [Render thread/ERROR] [net.minecraft.Util/]: Entity dalekapi:data_cyberman has no attributes
[01Sept2025 23:50:51.864] [Render thread/ERROR] [net.minecraft.Util/]: Entity dalekapi:data_dalek has no attributes
[01Sept2025 23:50:51.864] [Render thread/ERROR] [net.minecraft.Util/]: Entity dalekapi:data_cyberman has no attributes
[01Sept2025 23:50:51.864] [Render thread/ERROR] [net.minecraft.Util/]: Entity dalekapi:data_dalek has no attributes
[01Sept2025 23:50:51.864] [Render thread/ERROR] [net.minecraft.Util/]: Entity dalekapi:data_cyberman has no attributes
[01Sept2025 23:50:51.864] [Render thread/ERROR] [net.minecraft.Util/]: Entity dalekapi:data_dalek has no attributes
[01Sept2025 23:50:51.864] [Render thread/ERROR] [net.minecraft.Util/]: Entity dalekapi:data_cyberman has no attributes
[01Sept2025 23:50:51.864] [Render thread/ERROR] [net.minecraft.Util/]: Entity dalekapi:data_dalek has no attributes
[01Sept2025 23:50:51.865] [Render thread/ERROR] [net.minecraft.Util/]: Entity dalekapi:data_cyberman has no attributes
[01Sept2025 23:50:51.865] [Render thread/ERROR] [net.minecraft.Util/]: Entity dalekapi:data_dalek has no attributes
[01Sept2025 23:50:51.865] [Render thread/ERROR] [net.minecraft.Util/]: Entity dalekapi:data_cyberman has no attributes
[01Sept2025 23:50:51.865] [Render thread/ERROR] [net.minecraft.Util/]: Entity dalekapi:data_dalek has no attributes
[01Sept2025 23:50:51.865] [Render thread/ERROR] [net.minecraft.Util/]: Entity dalekapi:data_cyberman has no attributes
[01Sept2025 23:50:51.865] [Render thread/ERROR] [net.minecraft.Util/]: Entity dalekapi:data_dalek has no attributes
[01Sept2025 23:50:51.865] [Render thread/ERROR] [net.minecraft.Util/]: Entity dalekapi:data_cyberman has no attributes
[01Sept2025 23:50:51.865] [Render thread/ERROR] [net.minecraft.Util/]: Entity dalekapi:data_dalek has no attributes
[01Sept2025 23:50:51.865] [Render thread/ERROR] [net.minecraft.Util/]: Entity dalekapi:data_cyberman has no attributes
[01Sept2025 23:50:51.881] [Render thread/INFO] [net.minecraftforge.registries.ForgeRegistry/REGISTRIES]: Registry minecraft:item: Found a missing id from the world dalekapi:cyberman_spawn_egg
[01Sept2025 23:50:51.882] [Render thread/INFO] [net.minecraftforge.registries.ForgeRegistry/REGISTRIES]: Registry minecraft:item: Found a missing id from the world dalekapi:dalek_spawn_egg
[01Sept2025 23:50:51.882] [Render thread/INFO] [net.minecraftforge.registries.ForgeRegistry/REGISTRIES]: Registry minecraft:item: Found a missing id from the world dalekapi:data_sonic_item
[01Sept2025 23:50:51.882] [Render thread/INFO] [net.minecraftforge.registries.ForgeRegistry/REGISTRIES]: Registry minecraft:item: Found a missing id from the world dalekapi:example_sonic_item
[01Sept2025 23:50:51.908] [Render thread/ERROR] [net.minecraftforge.registries.GameData/REGISTRIES]: Unidentified mapping from registry minecraft:item
	dalekapi:cyberman_spawn_egg: 1729
	dalekapi:dalek_spawn_egg: 1728
	dalekapi:data_sonic_item: 1727
	dalekapi:example_sonic_item: 1730

[01Sept2025 23:50:51.909] [Render thread/WARN] [net.minecraftforge.registries.GameData/REGISTRIES]: Forge Mod Loader detected missing registry entries.

There are 4 missing entries in this save.
If you continue the missing entries will get removed.
A world backup will be automatically created in your saves directory.


[01Sept2025 23:50:51.909] [Render thread/WARN] [net.minecraftforge.registries.GameData/REGISTRIES]: Missing minecraft:item:
    dalekapi:cyberman_spawn_egg
    dalekapi:dalek_spawn_egg
    dalekapi:data_sonic_item
    dalekapi:example_sonic_item


[01Sept2025 23:50:51.909] [Render thread/ERROR] [net.minecraftforge.registries.GameData/REGISTRIES]: There are unidentified mappings in this world - we are going to attempt to process anyway
[01Sept2025 23:50:51.911] [Render thread/WARN] [net.minecraftforge.registries.ForgeRegistry/REGISTRIES]: Registry minecraft:item: Object did not get ID it asked for. Name: dalekapi:example_sonic Expected: 1727 Got: 1731
[01Sept2025 23:50:51.911] [Render thread/WARN] [net.minecraftforge.registries.ForgeRegistry/REGISTRIES]: Registry minecraft:item: Object did not get ID it asked for. Name: dalekapi:data_sonic Expected: 1728 Got: 1732
[01Sept2025 23:50:51.920] [Render thread/ERROR] [net.minecraft.Util/]: Entity dalekapi:data_dalek has no attributes
[01Sept2025 23:50:51.921] [Render thread/ERROR] [net.minecraft.Util/]: Entity dalekapi:data_cyberman has no attributes
[01Sept2025 23:50:51.921] [Render thread/ERROR] [net.minecraft.Util/]: Entity dalekapi:data_dalek has no attributes
[01Sept2025 23:50:51.921] [Render thread/ERROR] [net.minecraft.Util/]: Entity dalekapi:data_cyberman has no attributes
[01Sept2025 23:50:51.921] [Render thread/ERROR] [net.minecraft.Util/]: Entity dalekapi:data_dalek has no attributes
[01Sept2025 23:50:51.921] [Render thread/ERROR] [net.minecraft.Util/]: Entity dalekapi:data_cyberman has no attributes
[01Sept2025 23:50:51.921] [Render thread/ERROR] [net.minecraft.Util/]: Entity dalekapi:data_dalek has no attributes
[01Sept2025 23:50:51.921] [Render thread/ERROR] [net.minecraft.Util/]: Entity dalekapi:data_cyberman has no attributes
[01Sept2025 23:50:51.921] [Render thread/ERROR] [net.minecraft.Util/]: Entity dalekapi:data_dalek has no attributes
[01Sept2025 23:50:51.921] [Render thread/ERROR] [net.minecraft.Util/]: Entity dalekapi:data_cyberman has no attributes
[01Sept2025 23:50:51.921] [Render thread/ERROR] [net.minecraft.Util/]: Entity dalekapi:data_dalek has no attributes
[01Sept2025 23:50:51.921] [Render thread/ERROR] [net.minecraft.Util/]: Entity dalekapi:data_cyberman has no attributes
[01Sept2025 23:50:51.921] [Render thread/ERROR] [net.minecraft.Util/]: Entity dalekapi:data_dalek has no attributes
[01Sept2025 23:50:51.921] [Render thread/ERROR] [net.minecraft.Util/]: Entity dalekapi:data_cyberman has no attributes
[01Sept2025 23:50:51.921] [Render thread/ERROR] [net.minecraft.Util/]: Entity dalekapi:data_dalek has no attributes
[01Sept2025 23:50:51.922] [Render thread/ERROR] [net.minecraft.Util/]: Entity dalekapi:data_cyberman has no attributes
[01Sept2025 23:50:51.922] [Render thread/ERROR] [net.minecraft.Util/]: Entity dalekapi:data_dalek has no attributes
[01Sept2025 23:50:51.922] [Render thread/ERROR] [net.minecraft.Util/]: Entity dalekapi:data_cyberman has no attributes
[01Sept2025 23:50:51.922] [Render thread/ERROR] [net.minecraft.Util/]: Entity dalekapi:data_dalek has no attributes
[01Sept2025 23:50:51.923] [Render thread/ERROR] [net.minecraft.Util/]: Entity dalekapi:data_cyberman has no attributes
[01Sept2025 23:50:51.923] [Render thread/ERROR] [net.minecraft.Util/]: Entity dalekapi:data_dalek has no attributes
[01Sept2025 23:50:51.923] [Render thread/ERROR] [net.minecraft.Util/]: Entity dalekapi:data_cyberman has no attributes
[01Sept2025 23:50:51.923] [Render thread/ERROR] [net.minecraft.Util/]: Entity dalekapi:data_dalek has no attributes
[01Sept2025 23:50:51.923] [Render thread/ERROR] [net.minecraft.Util/]: Entity dalekapi:data_cyberman has no attributes
[01Sept2025 23:50:51.923] [Render thread/ERROR] [net.minecraft.Util/]: Entity dalekapi:data_dalek has no attributes
[01Sept2025 23:50:51.923] [Render thread/ERROR] [net.minecraft.Util/]: Entity dalekapi:data_cyberman has no attributes
[01Sept2025 23:50:51.923] [Render thread/ERROR] [net.minecraft.Util/]: Entity dalekapi:data_dalek has no attributes
[01Sept2025 23:50:51.923] [Render thread/ERROR] [net.minecraft.Util/]: Entity dalekapi:data_cyberman has no attributes
[01Sept2025 23:50:51.924] [Render thread/ERROR] [net.minecraft.Util/]: Entity dalekapi:data_dalek has no attributes
[01Sept2025 23:50:51.924] [Render thread/ERROR] [net.minecraft.Util/]: Entity dalekapi:data_cyberman has no attributes
[01Sept2025 23:50:51.924] [Render thread/ERROR] [net.minecraft.Util/]: Entity dalekapi:data_dalek has no attributes
[01Sept2025 23:50:51.924] [Render thread/ERROR] [net.minecraft.Util/]: Entity dalekapi:data_cyberman has no attributes
[01Sept2025 23:50:51.924] [Render thread/ERROR] [net.minecraft.Util/]: Entity dalekapi:data_dalek has no attributes
[01Sept2025 23:50:51.924] [Render thread/ERROR] [net.minecraft.Util/]: Entity dalekapi:data_cyberman has no attributes
[01Sept2025 23:50:51.924] [Render thread/ERROR] [net.minecraft.Util/]: Entity dalekapi:data_dalek has no attributes
[01Sept2025 23:50:51.924] [Render thread/ERROR] [net.minecraft.Util/]: Entity dalekapi:data_cyberman has no attributes
[01Sept2025 23:50:51.924] [Render thread/ERROR] [net.minecraft.Util/]: Entity dalekapi:data_dalek has no attributes
[01Sept2025 23:50:51.924] [Render thread/ERROR] [net.minecraft.Util/]: Entity dalekapi:data_cyberman has no attributes
[01Sept2025 23:50:52.372] [Render thread/INFO] [net.minecraft.server.MinecraftServer/]: Found new data pack file/SonicsExpansion.zip, loading it automatically
[01Sept2025 23:50:52.857] [Render thread/INFO] [net.sapphic.dalekapi.DalekapiMod/]: DalekAPI data managers registered.
[01Sept2025 23:50:53.095] [Render thread/INFO] [net.minecraft.world.item.crafting.RecipeManager/]: Loaded 7 recipes
[01Sept2025 23:50:53.145] [Render thread/INFO] [net.minecraft.advancements.AdvancementList/]: Loaded 1299 advancements
[01Sept2025 23:50:53.146] [Render thread/INFO] [wcore.sapphic.datapack.SonicManager/]: Loaded 0 sonic definitions.
[01Sept2025 23:50:53.146] [Render thread/INFO] [wcore.sapphic.datapack.DalekManager/]: Loaded 0 Dalek definitions.
[01Sept2025 23:50:53.147] [Render thread/INFO] [wcore.sapphic.datapack.CybermanManager/]: Loaded 0 Cyberman definitions.
[01Sept2025 23:50:53.746] [Server thread/INFO] [net.minecraft.client.server.IntegratedServer/]: Starting integrated minecraft server version 1.20.1
[01Sept2025 23:50:53.746] [Server thread/INFO] [net.minecraft.server.MinecraftServer/]: Generating keypair
[01Sept2025 23:50:56.027] [Server thread/INFO] [net.minecraft.server.MinecraftServer/]: Preparing start region for dimension minecraft:overworld
[01Sept2025 23:50:59.319] [Render thread/INFO] [net.minecraft.server.level.progress.LoggerChunkProgressListener/]: Preparing spawn area: 0%
[01Sept2025 23:50:59.319] [Render thread/INFO] [net.minecraft.server.level.progress.LoggerChunkProgressListener/]: Preparing spawn area: 0%
[01Sept2025 23:50:59.319] [Render thread/INFO] [net.minecraft.server.level.progress.LoggerChunkProgressListener/]: Preparing spawn area: 0%
[01Sept2025 23:50:59.319] [Render thread/INFO] [net.minecraft.server.level.progress.LoggerChunkProgressListener/]: Preparing spawn area: 0%
[01Sept2025 23:50:59.319] [Render thread/INFO] [net.minecraft.server.level.progress.LoggerChunkProgressListener/]: Preparing spawn area: 0%
[01Sept2025 23:50:59.320] [Render thread/INFO] [net.minecraft.server.level.progress.LoggerChunkProgressListener/]: Preparing spawn area: 0%
[01Sept2025 23:50:59.320] [Render thread/INFO] [net.minecraft.server.level.progress.LoggerChunkProgressListener/]: Preparing spawn area: 0%
[01Sept2025 23:50:59.550] [Render thread/INFO] [net.minecraft.server.level.progress.LoggerChunkProgressListener/]: Preparing spawn area: 0%
[01Sept2025 23:51:00.057] [Render thread/INFO] [net.minecraft.server.level.progress.LoggerChunkProgressListener/]: Preparing spawn area: 19%
[01Sept2025 23:51:00.550] [Render thread/INFO] [net.minecraft.server.level.progress.LoggerChunkProgressListener/]: Preparing spawn area: 65%
[01Sept2025 23:51:01.129] [Render thread/INFO] [net.minecraft.server.level.progress.LoggerChunkProgressListener/]: Preparing spawn area: 95%
[01Sept2025 23:51:01.145] [Server thread/INFO] [net.minecraftforge.server.permission.PermissionAPI/]: Successfully initialized permission handler forge:default_handler
[01Sept2025 23:51:01.147] [Render thread/INFO] [net.minecraft.server.level.progress.LoggerChunkProgressListener/]: Time elapsed: 5104 ms
[01Sept2025 23:51:01.980] [Server thread/INFO] [net.minecraft.client.server.IntegratedServer/]: Changing view distance to 5, from 10
[01Sept2025 23:51:01.985] [Server thread/INFO] [net.minecraft.client.server.IntegratedServer/]: Changing simulation distance to 12, from 0
[01Sept2025 23:51:02.181] [Render thread/WARN] [io.netty.util.internal.SystemPropertyUtil/]: Unable to parse the boolean system property 'java.net.preferIPv6Addresses':system - using the default value: false
[01Sept2025 23:51:03.176] [Netty Local Client IO #0/INFO] [net.minecraftforge.network.NetworkHooks/]: Connected to a modded server.
[01Sept2025 23:51:03.223] [Server thread/WARN] [net.minecraft.stats.ServerStatsCounter/]: Invalid statistic in .\saves\New World\stats\380df991-f603-344c-a090-369bad2a924a.json: Don't know what dalekapi:example_sonic_item is
[01Sept2025 23:51:03.260] [Server thread/INFO] [net.minecraft.server.players.PlayerList/]: Dev[local:E:0fc74a78] logged in with entity id 215 at (6.047481887237413, 67.0, -6.593750342596533)
[01Sept2025 23:51:03.311] [Server thread/INFO] [net.minecraft.server.MinecraftServer/]: Dev joined the game
[01Sept2025 23:51:03.411] [Render thread/INFO] [mezz.jei.forge.startup.StartEventObserver/]: JEI StartEventObserver received class net.minecraftforge.client.event.ClientPlayerNetworkEvent$LoggingIn
[01Sept2025 23:51:03.412] [Render thread/INFO] [mezz.jei.forge.startup.StartEventObserver/]: JEI StartEventObserver transitioning state from DISABLED to ENABLED
[01Sept2025 23:51:03.635] [Render thread/INFO] [mezz.jei.forge.startup.StartEventObserver/]: JEI StartEventObserver received class net.minecraftforge.client.event.RecipesUpdatedEvent
[01Sept2025 23:51:03.689] [Render thread/INFO] [mezz.jei.forge.startup.StartEventObserver/]: JEI StartEventObserver received class net.minecraftforge.event.TagsUpdatedEvent
[01Sept2025 23:51:03.690] [Render thread/INFO] [mezz.jei.forge.startup.StartEventObserver/]: JEI StartEventObserver transitioning state from ENABLED to JEI_STARTED
[01Sept2025 23:51:03.690] [Render thread/INFO] [mezz.jei.core.util.LoggedTimer/]: Starting JEI...
[01Sept2025 23:51:03.710] [Render thread/INFO] [mezz.jei.library.load.PluginCaller/]: Registering item subtypes...
[01Sept2025 23:51:03.718] [Render thread/INFO] [mezz.jei.library.load.PluginCaller/]: Registering item subtypes took 7.987 ms
[01Sept2025 23:51:03.719] [Render thread/INFO] [mezz.jei.library.load.PluginCaller/]: Registering fluid subtypes...
[01Sept2025 23:51:03.723] [Render thread/INFO] [mezz.jei.library.load.PluginCaller/]: Registering fluid subtypes took 3.568 ms
[01Sept2025 23:51:03.726] [Render thread/INFO] [mezz.jei.library.load.PluginCaller/]: Registering ingredients...
[01Sept2025 23:51:03.786] [Render thread/WARN] [mezz.jei.library.plugins.vanilla.ingredients.ItemStackListFactory/]: Item Group has no display items and no search tab display items. Items from this group will be missing from the JEI ingredient list. Operator Utilities
[01Sept2025 23:51:03.822] [Render thread/INFO] [mezz.jei.library.load.PluginCallerTimerRunnable/]: Registering ingredients: jei:minecraft took 94.27 milliseconds
[01Sept2025 23:51:03.822] [Render thread/INFO] [mezz.jei.library.load.PluginCaller/]: Registering ingredients took 95.35 ms
[01Sept2025 23:51:03.823] [Render thread/INFO] [mezz.jei.library.load.PluginCaller/]: Registering extra ingredients...
[01Sept2025 23:51:03.824] [Render thread/INFO] [mezz.jei.library.load.PluginCaller/]: Registering extra ingredients took 733.8 μs
[01Sept2025 23:51:03.825] [Render thread/INFO] [mezz.jei.library.load.PluginCaller/]: Registering search ingredient aliases...
[01Sept2025 23:51:03.826] [Render thread/INFO] [mezz.jei.library.load.PluginCaller/]: Registering search ingredient aliases took 1.388 ms
[01Sept2025 23:51:03.850] [Render thread/INFO] [mezz.jei.library.load.PluginCaller/]: Registering categories...
[01Sept2025 23:51:03.869] [Render thread/INFO] [mezz.jei.library.load.PluginCallerTimerRunnable/]: Registering categories: jei:minecraft took 17.81 milliseconds
[01Sept2025 23:51:03.876] [Render thread/INFO] [mezz.jei.library.load.PluginCaller/]: Registering categories took 25.46 ms
[01Sept2025 23:51:03.877] [Render thread/INFO] [mezz.jei.library.load.PluginCaller/]: Registering vanilla category extensions...
[01Sept2025 23:51:03.882] [Render thread/INFO] [mezz.jei.library.load.PluginCaller/]: Registering vanilla category extensions took 4.488 ms
[01Sept2025 23:51:03.882] [Render thread/INFO] [mezz.jei.library.load.PluginCaller/]: Registering recipe catalysts...
[01Sept2025 23:51:03.885] [Render thread/INFO] [mezz.jei.library.load.PluginCaller/]: Registering recipe catalysts took 1.459 ms
[01Sept2025 23:51:03.885] [Render thread/INFO] [mezz.jei.core.util.LoggedTimer/]: Building recipe registry...
[01Sept2025 23:51:03.899] [Render thread/INFO] [mezz.jei.core.util.LoggedTimer/]: Building recipe registry took 13.42 ms
[01Sept2025 23:51:03.901] [Render thread/INFO] [mezz.jei.library.load.PluginCaller/]: Registering advanced plugins...
[01Sept2025 23:51:03.902] [Render thread/INFO] [mezz.jei.library.load.PluginCaller/]: Registering advanced plugins took 764.7 μs
[01Sept2025 23:51:03.904] [Render thread/INFO] [mezz.jei.library.load.PluginCaller/]: Registering recipes...
[01Sept2025 23:51:04.253] [Render thread/INFO] [mezz.jei.library.load.PluginCallerTimerRunnable/]: Registering recipes: jei:minecraft took 348.6 milliseconds
[01Sept2025 23:51:04.341] [Render thread/INFO] [mezz.jei.library.load.PluginCallerTimerRunnable/]: Registering recipes: jei:internal took 86.38 milliseconds
[01Sept2025 23:51:04.341] [Render thread/INFO] [mezz.jei.library.load.PluginCaller/]: Registering recipes took 436.8 ms
[01Sept2025 23:51:04.355] [Render thread/INFO] [mezz.jei.library.load.PluginCaller/]: Registering recipes transfer handlers...
[01Sept2025 23:51:04.362] [Render thread/INFO] [mezz.jei.library.load.PluginCaller/]: Registering recipes transfer handlers took 6.109 ms
[01Sept2025 23:51:04.373] [Render thread/INFO] [mezz.jei.core.util.LoggedTimer/]: Building runtime...
[01Sept2025 23:51:04.380] [Render thread/INFO] [mezz.jei.library.load.PluginCaller/]: Registering gui handlers...
[01Sept2025 23:51:04.398] [Render thread/INFO] [mezz.jei.library.load.PluginCallerTimerRunnable/]: Registering gui handlers: jei:gui took 11.68 milliseconds
[01Sept2025 23:51:04.398] [Render thread/INFO] [mezz.jei.library.load.PluginCaller/]: Registering gui handlers took 17.93 ms
[01Sept2025 23:51:04.405] [Render thread/INFO] [mezz.jei.library.load.PluginCaller/]: Registering Runtime...
[01Sept2025 23:51:04.409] [Render thread/INFO] [mezz.jei.gui.startup.JeiGuiStarter/]: Starting JEI GUI
[01Sept2025 23:51:04.410] [Render thread/INFO] [mezz.jei.core.util.LoggedTimer/]: Building ingredient list...
[01Sept2025 23:51:04.463] [Render thread/INFO] [mezz.jei.core.util.LoggedTimer/]: Building ingredient list took 52.58 ms
[01Sept2025 23:51:04.464] [Render thread/INFO] [mezz.jei.core.util.LoggedTimer/]: Building ingredient filter...
[01Sept2025 23:51:04.562] [Render thread/INFO] [mezz.jei.gui.ingredients.IngredientFilter/]: Adding 2005 ingredients
[01Sept2025 23:51:04.955] [Render thread/INFO] [mezz.jei.gui.ingredients.IngredientFilter/]: Added 2005 ingredients
[01Sept2025 23:51:04.956] [Render thread/INFO] [mezz.jei.core.util.LoggedTimer/]: Building ingredient filter took 491.6 ms
[01Sept2025 23:51:05.112] [Render thread/INFO] [mezz.jei.library.load.PluginCallerTimerRunnable/]: Registering Runtime: jei:forge_gui took 705.3 milliseconds
[01Sept2025 23:51:05.112] [Render thread/INFO] [mezz.jei.library.load.PluginCaller/]: Registering Runtime took 707.0 ms
[01Sept2025 23:51:05.113] [Render thread/INFO] [mezz.jei.core.util.LoggedTimer/]: Building runtime took 740.0 ms
[01Sept2025 23:51:05.114] [Render thread/INFO] [mezz.jei.library.load.PluginCaller/]: Sending Runtime...
[01Sept2025 23:51:05.115] [Render thread/INFO] [mezz.jei.library.load.PluginCaller/]: Sending Runtime took 967.7 μs
[01Sept2025 23:51:05.116] [Render thread/INFO] [mezz.jei.core.util.LoggedTimer/]: Starting JEI took 1.425 s
[01Sept2025 23:51:05.651] [Render thread/INFO] [net.minecraft.advancements.AdvancementList/]: Loaded 16 advancements
[01Sept2025 23:51:53.046] [Server thread/INFO] [net.minecraft.client.server.IntegratedServer/]: Saving and pausing game...
[01Sept2025 23:51:53.107] [Server thread/INFO] [net.minecraft.server.MinecraftServer/]: Saving chunks for level 'ServerLevel[New World]'/minecraft:overworld
[01Sept2025 23:51:53.145] [Server thread/INFO] [net.minecraft.server.MinecraftServer/]: Saving chunks for level 'ServerLevel[New World]'/teabs_doctor_who_mod:skaro
[01Sept2025 23:51:53.148] [Server thread/INFO] [net.minecraft.server.MinecraftServer/]: Saving chunks for level 'ServerLevel[New World]'/teabs_doctor_who_mod:mondas
[01Sept2025 23:51:53.152] [Server thread/INFO] [net.minecraft.server.MinecraftServer/]: Saving chunks for level 'ServerLevel[New World]'/teabs_doctor_who_mod:tardis_dimension
[01Sept2025 23:51:53.157] [Server thread/INFO] [net.minecraft.server.MinecraftServer/]: Saving chunks for level 'ServerLevel[New World]'/teabs_doctor_who_mod:apocalyptic_earth
[01Sept2025 23:51:53.161] [Server thread/INFO] [net.minecraft.server.MinecraftServer/]: Saving chunks for level 'ServerLevel[New World]'/teabs_doctor_who_mod:minecraft_classic
[01Sept2025 23:51:53.165] [Server thread/INFO] [net.minecraft.server.MinecraftServer/]: Saving chunks for level 'ServerLevel[New World]'/teabs_doctor_who_mod:mars
[01Sept2025 23:51:53.169] [Server thread/INFO] [net.minecraft.server.MinecraftServer/]: Saving chunks for level 'ServerLevel[New World]'/teabs_doctor_who_mod:the_slip
[01Sept2025 23:51:53.174] [Server thread/INFO] [net.minecraft.server.MinecraftServer/]: Saving chunks for level 'ServerLevel[New World]'/minecraft:the_nether
[01Sept2025 23:51:53.179] [Server thread/INFO] [net.minecraft.server.MinecraftServer/]: Saving chunks for level 'ServerLevel[New World]'/dalekapi:tardis_dim
[01Sept2025 23:51:53.182] [Server thread/INFO] [net.minecraft.server.MinecraftServer/]: Saving chunks for level 'ServerLevel[New World]'/teabs_doctor_who_mod:the_moon
[01Sept2025 23:51:53.187] [Server thread/INFO] [net.minecraft.server.MinecraftServer/]: Saving chunks for level 'ServerLevel[New World]'/teabs_doctor_who_mod:midnight
[01Sept2025 23:51:53.192] [Server thread/INFO] [net.minecraft.server.MinecraftServer/]: Saving chunks for level 'ServerLevel[New World]'/teabs_doctor_who_mod:ood_sphere
[01Sept2025 23:51:53.195] [Server thread/INFO] [net.minecraft.server.MinecraftServer/]: Saving chunks for level 'ServerLevel[New World]'/teabs_doctor_who_mod:pocket_dimension
[01Sept2025 23:51:53.199] [Server thread/INFO] [net.minecraft.server.MinecraftServer/]: Saving chunks for level 'ServerLevel[New World]'/teabs_doctor_who_mod:prehistoric_earth
[01Sept2025 23:51:53.204] [Server thread/INFO] [net.minecraft.server.MinecraftServer/]: Saving chunks for level 'ServerLevel[New World]'/minecraft:the_end
[01Sept2025 23:51:53.209] [Server thread/INFO] [net.minecraft.server.MinecraftServer/]: Saving chunks for level 'ServerLevel[New World]'/teabs_doctor_who_mod:trenzalore
[01Sept2025 23:51:53.214] [Server thread/INFO] [net.minecraft.server.MinecraftServer/]: Saving chunks for level 'ServerLevel[New World]'/teabs_doctor_who_mod:future_trenzalore
[01Sept2025 23:51:53.218] [Server thread/INFO] [net.minecraft.server.MinecraftServer/]: Saving chunks for level 'ServerLevel[New World]'/teabs_doctor_who_mod:cave_game
[01Sept2025 23:51:53.222] [Server thread/INFO] [net.minecraft.server.MinecraftServer/]: Saving chunks for level 'ServerLevel[New World]'/teabs_doctor_who_mod:gallifrey
[01Sept2025 23:51:53.227] [Server thread/INFO] [net.minecraft.server.MinecraftServer/]: Saving chunks for level 'ServerLevel[New World]'/teabs_doctor_who_mod:genesis_skaro
[01Sept2025 23:52:00.847] [Server thread/INFO] [net.minecraft.client.server.IntegratedServer/]: Saving and pausing game...
[01Sept2025 23:52:00.894] [Server thread/INFO] [net.minecraft.server.MinecraftServer/]: Saving chunks for level 'ServerLevel[New World]'/minecraft:overworld
[01Sept2025 23:52:00.916] [Server thread/INFO] [net.minecraft.server.MinecraftServer/]: Saving chunks for level 'ServerLevel[New World]'/teabs_doctor_who_mod:skaro
[01Sept2025 23:52:00.919] [Server thread/INFO] [net.minecraft.server.MinecraftServer/]: Saving chunks for level 'ServerLevel[New World]'/teabs_doctor_who_mod:mondas
[01Sept2025 23:52:00.925] [Server thread/INFO] [net.minecraft.server.MinecraftServer/]: Saving chunks for level 'ServerLevel[New World]'/teabs_doctor_who_mod:tardis_dimension
[01Sept2025 23:52:00.930] [Server thread/INFO] [net.minecraft.server.MinecraftServer/]: Saving chunks for level 'ServerLevel[New World]'/teabs_doctor_who_mod:apocalyptic_earth
[01Sept2025 23:52:00.935] [Server thread/INFO] [net.minecraft.server.MinecraftServer/]: Saving chunks for level 'ServerLevel[New World]'/teabs_doctor_who_mod:minecraft_classic
[01Sept2025 23:52:00.939] [Server thread/INFO] [net.minecraft.server.MinecraftServer/]: Saving chunks for level 'ServerLevel[New World]'/teabs_doctor_who_mod:mars
[01Sept2025 23:52:00.944] [Server thread/INFO] [net.minecraft.server.MinecraftServer/]: Saving chunks for level 'ServerLevel[New World]'/teabs_doctor_who_mod:the_slip
[01Sept2025 23:52:00.947] [Server thread/INFO] [net.minecraft.server.MinecraftServer/]: Saving chunks for level 'ServerLevel[New World]'/minecraft:the_nether
[01Sept2025 23:52:00.950] [Server thread/INFO] [net.minecraft.server.MinecraftServer/]: Saving chunks for level 'ServerLevel[New World]'/dalekapi:tardis_dim
[01Sept2025 23:52:00.953] [Server thread/INFO] [net.minecraft.server.MinecraftServer/]: Saving chunks for level 'ServerLevel[New World]'/teabs_doctor_who_mod:the_moon
[01Sept2025 23:52:00.960] [Server thread/INFO] [net.minecraft.server.MinecraftServer/]: Saving chunks for level 'ServerLevel[New World]'/teabs_doctor_who_mod:midnight
[01Sept2025 23:52:00.965] [Server thread/INFO] [net.minecraft.server.MinecraftServer/]: Saving chunks for level 'ServerLevel[New World]'/teabs_doctor_who_mod:ood_sphere
[01Sept2025 23:52:00.969] [Server thread/INFO] [net.minecraft.server.MinecraftServer/]: Saving chunks for level 'ServerLevel[New World]'/teabs_doctor_who_mod:pocket_dimension
[01Sept2025 23:52:00.974] [Server thread/INFO] [net.minecraft.server.MinecraftServer/]: Saving chunks for level 'ServerLevel[New World]'/teabs_doctor_who_mod:prehistoric_earth
[01Sept2025 23:52:00.978] [Server thread/INFO] [net.minecraft.server.MinecraftServer/]: Saving chunks for level 'ServerLevel[New World]'/minecraft:the_end
[01Sept2025 23:52:00.982] [Server thread/INFO] [net.minecraft.server.MinecraftServer/]: Saving chunks for level 'ServerLevel[New World]'/teabs_doctor_who_mod:trenzalore
[01Sept2025 23:52:00.986] [Server thread/INFO] [net.minecraft.server.MinecraftServer/]: Saving chunks for level 'ServerLevel[New World]'/teabs_doctor_who_mod:future_trenzalore
[01Sept2025 23:52:00.993] [Server thread/INFO] [net.minecraft.server.MinecraftServer/]: Saving chunks for level 'ServerLevel[New World]'/teabs_doctor_who_mod:cave_game
[01Sept2025 23:52:00.998] [Server thread/INFO] [net.minecraft.server.MinecraftServer/]: Saving chunks for level 'ServerLevel[New World]'/teabs_doctor_who_mod:gallifrey
[01Sept2025 23:52:01.002] [Server thread/INFO] [net.minecraft.server.MinecraftServer/]: Saving chunks for level 'ServerLevel[New World]'/teabs_doctor_who_mod:genesis_skaro
[01Sept2025 23:52:16.396] [Server thread/INFO] [net.minecraft.client.server.IntegratedServer/]: Saving and pausing game...
[01Sept2025 23:52:16.412] [Server thread/INFO] [net.minecraft.server.MinecraftServer/]: Saving chunks for level 'ServerLevel[New World]'/minecraft:overworld
[01Sept2025 23:52:16.431] [Server thread/INFO] [net.minecraft.server.MinecraftServer/]: Saving chunks for level 'ServerLevel[New World]'/teabs_doctor_who_mod:skaro
[01Sept2025 23:52:16.435] [Server thread/INFO] [net.minecraft.server.MinecraftServer/]: Saving chunks for level 'ServerLevel[New World]'/teabs_doctor_who_mod:mondas
[01Sept2025 23:52:16.439] [Server thread/INFO] [net.minecraft.server.MinecraftServer/]: Saving chunks for level 'ServerLevel[New World]'/teabs_doctor_who_mod:tardis_dimension
[01Sept2025 23:52:16.444] [Server thread/INFO] [net.minecraft.server.MinecraftServer/]: Saving chunks for level 'ServerLevel[New World]'/teabs_doctor_who_mod:apocalyptic_earth
[01Sept2025 23:52:16.449] [Server thread/INFO] [net.minecraft.server.MinecraftServer/]: Saving chunks for level 'ServerLevel[New World]'/teabs_doctor_who_mod:minecraft_classic
[01Sept2025 23:52:16.452] [Server thread/INFO] [net.minecraft.server.MinecraftServer/]: Saving chunks for level 'ServerLevel[New World]'/teabs_doctor_who_mod:mars
[01Sept2025 23:52:16.457] [Server thread/INFO] [net.minecraft.server.MinecraftServer/]: Saving chunks for level 'ServerLevel[New World]'/teabs_doctor_who_mod:the_slip
[01Sept2025 23:52:16.460] [Server thread/INFO] [net.minecraft.server.MinecraftServer/]: Saving chunks for level 'ServerLevel[New World]'/minecraft:the_nether
[01Sept2025 23:52:16.465] [Server thread/INFO] [net.minecraft.server.MinecraftServer/]: Saving chunks for level 'ServerLevel[New World]'/dalekapi:tardis_dim
[01Sept2025 23:52:16.466] [Server thread/INFO] [net.minecraft.server.MinecraftServer/]: Saving chunks for level 'ServerLevel[New World]'/teabs_doctor_who_mod:the_moon
[01Sept2025 23:52:16.470] [Server thread/INFO] [net.minecraft.server.MinecraftServer/]: Saving chunks for level 'ServerLevel[New World]'/teabs_doctor_who_mod:midnight
[01Sept2025 23:52:16.473] [Server thread/INFO] [net.minecraft.server.MinecraftServer/]: Saving chunks for level 'ServerLevel[New World]'/teabs_doctor_who_mod:ood_sphere
[01Sept2025 23:52:16.478] [Server thread/INFO] [net.minecraft.server.MinecraftServer/]: Saving chunks for level 'ServerLevel[New World]'/teabs_doctor_who_mod:pocket_dimension
[01Sept2025 23:52:16.482] [Server thread/INFO] [net.minecraft.server.MinecraftServer/]: Saving chunks for level 'ServerLevel[New World]'/teabs_doctor_who_mod:prehistoric_earth
[01Sept2025 23:52:16.485] [Server thread/INFO] [net.minecraft.server.MinecraftServer/]: Saving chunks for level 'ServerLevel[New World]'/minecraft:the_end
[01Sept2025 23:52:16.489] [Server thread/INFO] [net.minecraft.server.MinecraftServer/]: Saving chunks for level 'ServerLevel[New World]'/teabs_doctor_who_mod:trenzalore
[01Sept2025 23:52:16.494] [Server thread/INFO] [net.minecraft.server.MinecraftServer/]: Saving chunks for level 'ServerLevel[New World]'/teabs_doctor_who_mod:future_trenzalore
[01Sept2025 23:52:16.498] [Server thread/INFO] [net.minecraft.server.MinecraftServer/]: Saving chunks for level 'ServerLevel[New World]'/teabs_doctor_who_mod:cave_game
[01Sept2025 23:52:16.503] [Server thread/INFO] [net.minecraft.server.MinecraftServer/]: Saving chunks for level 'ServerLevel[New World]'/teabs_doctor_who_mod:gallifrey
[01Sept2025 23:52:16.506] [Server thread/INFO] [net.minecraft.server.MinecraftServer/]: Saving chunks for level 'ServerLevel[New World]'/teabs_doctor_who_mod:genesis_skaro
[01Sept2025 23:52:20.859] [Render thread/INFO] [net.minecraft.server.network.ServerConnectionListener/]: Using default channel type
[01Sept2025 23:52:20.886] [Render thread/INFO] [net.minecraft.client.server.IntegratedServer/]: Started serving on 65072
[01Sept2025 23:52:20.926] [Render thread/INFO] [net.minecraft.client.gui.components.ChatComponent/]: [System] [CHAT] Local game hosted on port [65072]
[01Sept2025 23:52:53.848] [Server thread/INFO] [net.minecraft.server.MinecraftServer/]: [Dev: Gave 1 [item.dalekapi.data_sonic] to Dev]
[01Sept2025 23:52:53.854] [Render thread/INFO] [net.minecraft.client.gui.components.ChatComponent/]: [System] [CHAT] Gave 1 [item.dalekapi.data_sonic] to Dev
[01Sept2025 23:52:59.208] [Server thread/ERROR] [net.minecraft.network.protocol.PacketUtils/]: Failed to handle packet net.minecraft.network.protocol.game.ServerboundUseItemOnPacket@592ae5c7, suppressing error
java.lang.NullPointerException: null
	at java.util.Objects.requireNonNull(Objects.java:209) ~[?:?]
	at wcore.sapphic.items.BaseSonicItem.playUseSound(BaseSonicItem.java:62) ~[%23196!/:?]
	at wcore.sapphic.items.DataSonicItem.playUseSound(DataSonicItem.java:64) ~[%23196!/:?]
	at wcore.sapphic.items.BaseSonicItem.useOn(BaseSonicItem.java:39) ~[%23196!/:?]
	at wcore.sapphic.items.DataSonicItem.useOn(DataSonicItem.java:49) ~[%23196!/:?]
	at net.minecraftforge.common.ForgeHooks.onPlaceItemIntoWorld(ForgeHooks.java:587) ~[forge-1.20.1-47.3.0_mapped_official_1.20.1-recomp.jar%23190%23197!/:?]
	at net.minecraft.world.item.ItemStack.useOn(ItemStack.java:245) ~[forge-1.20.1-47.3.0_mapped_official_1.20.1-recomp.jar%23191!/:?]
	at net.minecraft.server.level.ServerPlayerGameMode.useItemOn(ServerPlayerGameMode.java:355) ~[forge-1.20.1-47.3.0_mapped_official_1.20.1-recomp.jar%23191!/:?]
	at net.minecraft.server.network.ServerGamePacketListenerImpl.handleUseItemOn(ServerGamePacketListenerImpl.java:1057) ~[forge-1.20.1-47.3.0_mapped_official_1.20.1-recomp.jar%23191!/:?]
	at net.minecraft.network.protocol.game.ServerboundUseItemOnPacket.handle(ServerboundUseItemOnPacket.java:32) ~[forge-1.20.1-47.3.0_mapped_official_1.20.1-recomp.jar%23191!/:?]
	at net.minecraft.network.protocol.game.ServerboundUseItemOnPacket.handle(ServerboundUseItemOnPacket.java:8) ~[forge-1.20.1-47.3.0_mapped_official_1.20.1-recomp.jar%23191!/:?]
	at net.minecraft.network.protocol.PacketUtils.lambda$ensureRunningOnSameThread$0(PacketUtils.java:22) ~[forge-1.20.1-47.3.0_mapped_official_1.20.1-recomp.jar%23191!/:?]
	at net.minecraft.server.TickTask.run(TickTask.java:17) ~[forge-1.20.1-47.3.0_mapped_official_1.20.1-recomp.jar%23191!/:?]
	at net.minecraft.util.thread.BlockableEventLoop.doRunTask(BlockableEventLoop.java:143) ~[forge-1.20.1-47.3.0_mapped_official_1.20.1-recomp.jar%23191!/:?]
	at net.minecraft.util.thread.ReentrantBlockableEventLoop.doRunTask(ReentrantBlockableEventLoop.java:22) ~[forge-1.20.1-47.3.0_mapped_official_1.20.1-recomp.jar%23191!/:?]
	at net.minecraft.server.MinecraftServer.doRunTask(MinecraftServer.java:770) ~[forge-1.20.1-47.3.0_mapped_official_1.20.1-recomp.jar%23191!/:?]
	at net.minecraft.server.MinecraftServer.doRunTask(MinecraftServer.java:161) ~[forge-1.20.1-47.3.0_mapped_official_1.20.1-recomp.jar%23191!/:?]
	at net.minecraft.util.thread.BlockableEventLoop.pollTask(BlockableEventLoop.java:116) ~[forge-1.20.1-47.3.0_mapped_official_1.20.1-recomp.jar%23191!/:?]
	at net.minecraft.server.MinecraftServer.pollTaskInternal(MinecraftServer.java:753) ~[forge-1.20.1-47.3.0_mapped_official_1.20.1-recomp.jar%23191!/:?]
	at net.minecraft.server.MinecraftServer.pollTask(MinecraftServer.java:747) ~[forge-1.20.1-47.3.0_mapped_official_1.20.1-recomp.jar%23191!/:?]
	at net.minecraft.util.thread.BlockableEventLoop.runAllTasks(BlockableEventLoop.java:104) ~[forge-1.20.1-47.3.0_mapped_official_1.20.1-recomp.jar%23191!/:?]
	at net.minecraft.server.MinecraftServer.waitUntilNextTick(MinecraftServer.java:732) ~[forge-1.20.1-47.3.0_mapped_official_1.20.1-recomp.jar%23191!/:?]
	at net.minecraft.server.MinecraftServer.runServer(MinecraftServer.java:665) ~[forge-1.20.1-47.3.0_mapped_official_1.20.1-recomp.jar%23191!/:?]
	at net.minecraft.server.MinecraftServer.lambda$spin$2(MinecraftServer.java:251) ~[forge-1.20.1-47.3.0_mapped_official_1.20.1-recomp.jar%23191!/:?]
	at java.lang.Thread.run(Thread.java:840) ~[?:?]
[01Sept2025 23:53:00.693] [Server thread/ERROR] [net.minecraft.network.protocol.PacketUtils/]: Failed to handle packet net.minecraft.network.protocol.game.ServerboundUseItemOnPacket@45ead71f, suppressing error
java.lang.NullPointerException: null
	at java.util.Objects.requireNonNull(Objects.java:209) ~[?:?]
	at wcore.sapphic.items.BaseSonicItem.playUseSound(BaseSonicItem.java:62) ~[%23196!/:?]
	at wcore.sapphic.items.DataSonicItem.playUseSound(DataSonicItem.java:64) ~[%23196!/:?]
	at wcore.sapphic.items.BaseSonicItem.useOn(BaseSonicItem.java:39) ~[%23196!/:?]
	at wcore.sapphic.items.DataSonicItem.useOn(DataSonicItem.java:49) ~[%23196!/:?]
	at net.minecraftforge.common.ForgeHooks.onPlaceItemIntoWorld(ForgeHooks.java:587) ~[forge-1.20.1-47.3.0_mapped_official_1.20.1-recomp.jar%23190%23197!/:?]
	at net.minecraft.world.item.ItemStack.useOn(ItemStack.java:245) ~[forge-1.20.1-47.3.0_mapped_official_1.20.1-recomp.jar%23191!/:?]
	at net.minecraft.server.level.ServerPlayerGameMode.useItemOn(ServerPlayerGameMode.java:355) ~[forge-1.20.1-47.3.0_mapped_official_1.20.1-recomp.jar%23191!/:?]
	at net.minecraft.server.network.ServerGamePacketListenerImpl.handleUseItemOn(ServerGamePacketListenerImpl.java:1057) ~[forge-1.20.1-47.3.0_mapped_official_1.20.1-recomp.jar%23191!/:?]
	at net.minecraft.network.protocol.game.ServerboundUseItemOnPacket.handle(ServerboundUseItemOnPacket.java:32) ~[forge-1.20.1-47.3.0_mapped_official_1.20.1-recomp.jar%23191!/:?]
	at net.minecraft.network.protocol.game.ServerboundUseItemOnPacket.handle(ServerboundUseItemOnPacket.java:8) ~[forge-1.20.1-47.3.0_mapped_official_1.20.1-recomp.jar%23191!/:?]
	at net.minecraft.network.protocol.PacketUtils.lambda$ensureRunningOnSameThread$0(PacketUtils.java:22) ~[forge-1.20.1-47.3.0_mapped_official_1.20.1-recomp.jar%23191!/:?]
	at net.minecraft.server.TickTask.run(TickTask.java:17) ~[forge-1.20.1-47.3.0_mapped_official_1.20.1-recomp.jar%23191!/:?]
	at net.minecraft.util.thread.BlockableEventLoop.doRunTask(BlockableEventLoop.java:143) ~[forge-1.20.1-47.3.0_mapped_official_1.20.1-recomp.jar%23191!/:?]
	at net.minecraft.util.thread.ReentrantBlockableEventLoop.doRunTask(ReentrantBlockableEventLoop.java:22) ~[forge-1.20.1-47.3.0_mapped_official_1.20.1-recomp.jar%23191!/:?]
	at net.minecraft.server.MinecraftServer.doRunTask(MinecraftServer.java:770) ~[forge-1.20.1-47.3.0_mapped_official_1.20.1-recomp.jar%23191!/:?]
	at net.minecraft.server.MinecraftServer.doRunTask(MinecraftServer.java:161) ~[forge-1.20.1-47.3.0_mapped_official_1.20.1-recomp.jar%23191!/:?]
	at net.minecraft.util.thread.BlockableEventLoop.pollTask(BlockableEventLoop.java:116) ~[forge-1.20.1-47.3.0_mapped_official_1.20.1-recomp.jar%23191!/:?]
	at net.minecraft.server.MinecraftServer.pollTaskInternal(MinecraftServer.java:753) ~[forge-1.20.1-47.3.0_mapped_official_1.20.1-recomp.jar%23191!/:?]
	at net.minecraft.server.MinecraftServer.pollTask(MinecraftServer.java:747) ~[forge-1.20.1-47.3.0_mapped_official_1.20.1-recomp.jar%23191!/:?]
	at net.minecraft.util.thread.BlockableEventLoop.managedBlock(BlockableEventLoop.java:126) ~[forge-1.20.1-47.3.0_mapped_official_1.20.1-recomp.jar%23191!/:?]
	at net.minecraft.server.MinecraftServer.waitUntilNextTick(MinecraftServer.java:733) ~[forge-1.20.1-47.3.0_mapped_official_1.20.1-recomp.jar%23191!/:?]
	at net.minecraft.server.MinecraftServer.runServer(MinecraftServer.java:665) ~[forge-1.20.1-47.3.0_mapped_official_1.20.1-recomp.jar%23191!/:?]
	at net.minecraft.server.MinecraftServer.lambda$spin$2(MinecraftServer.java:251) ~[forge-1.20.1-47.3.0_mapped_official_1.20.1-recomp.jar%23191!/:?]
	at java.lang.Thread.run(Thread.java:840) ~[?:?]
[01Sept2025 23:53:02.095] [Server thread/ERROR] [net.minecraft.network.protocol.PacketUtils/]: Failed to handle packet net.minecraft.network.protocol.game.ServerboundUseItemOnPacket@7fbbb6fc, suppressing error
java.lang.NullPointerException: null
	at java.util.Objects.requireNonNull(Objects.java:209) ~[?:?]
	at wcore.sapphic.items.BaseSonicItem.playUseSound(BaseSonicItem.java:62) ~[%23196!/:?]
	at wcore.sapphic.items.DataSonicItem.playUseSound(DataSonicItem.java:64) ~[%23196!/:?]
	at wcore.sapphic.items.BaseSonicItem.useOn(BaseSonicItem.java:39) ~[%23196!/:?]
	at wcore.sapphic.items.DataSonicItem.useOn(DataSonicItem.java:49) ~[%23196!/:?]
	at net.minecraftforge.common.ForgeHooks.onPlaceItemIntoWorld(ForgeHooks.java:587) ~[forge-1.20.1-47.3.0_mapped_official_1.20.1-recomp.jar%23190%23197!/:?]
	at net.minecraft.world.item.ItemStack.useOn(ItemStack.java:245) ~[forge-1.20.1-47.3.0_mapped_official_1.20.1-recomp.jar%23191!/:?]
	at net.minecraft.server.level.ServerPlayerGameMode.useItemOn(ServerPlayerGameMode.java:355) ~[forge-1.20.1-47.3.0_mapped_official_1.20.1-recomp.jar%23191!/:?]
	at net.minecraft.server.network.ServerGamePacketListenerImpl.handleUseItemOn(ServerGamePacketListenerImpl.java:1057) ~[forge-1.20.1-47.3.0_mapped_official_1.20.1-recomp.jar%23191!/:?]
	at net.minecraft.network.protocol.game.ServerboundUseItemOnPacket.handle(ServerboundUseItemOnPacket.java:32) ~[forge-1.20.1-47.3.0_mapped_official_1.20.1-recomp.jar%23191!/:?]
	at net.minecraft.network.protocol.game.ServerboundUseItemOnPacket.handle(ServerboundUseItemOnPacket.java:8) ~[forge-1.20.1-47.3.0_mapped_official_1.20.1-recomp.jar%23191!/:?]
	at net.minecraft.network.protocol.PacketUtils.lambda$ensureRunningOnSameThread$0(PacketUtils.java:22) ~[forge-1.20.1-47.3.0_mapped_official_1.20.1-recomp.jar%23191!/:?]
	at net.minecraft.server.TickTask.run(TickTask.java:17) ~[forge-1.20.1-47.3.0_mapped_official_1.20.1-recomp.jar%23191!/:?]
	at net.minecraft.util.thread.BlockableEventLoop.doRunTask(BlockableEventLoop.java:143) ~[forge-1.20.1-47.3.0_mapped_official_1.20.1-recomp.jar%23191!/:?]
	at net.minecraft.util.thread.ReentrantBlockableEventLoop.doRunTask(ReentrantBlockableEventLoop.java:22) ~[forge-1.20.1-47.3.0_mapped_official_1.20.1-recomp.jar%23191!/:?]
	at net.minecraft.server.MinecraftServer.doRunTask(MinecraftServer.java:770) ~[forge-1.20.1-47.3.0_mapped_official_1.20.1-recomp.jar%23191!/:?]
	at net.minecraft.server.MinecraftServer.doRunTask(MinecraftServer.java:161) ~[forge-1.20.1-47.3.0_mapped_official_1.20.1-recomp.jar%23191!/:?]
	at net.minecraft.util.thread.BlockableEventLoop.pollTask(BlockableEventLoop.java:116) ~[forge-1.20.1-47.3.0_mapped_official_1.20.1-recomp.jar%23191!/:?]
	at net.minecraft.server.MinecraftServer.pollTaskInternal(MinecraftServer.java:753) ~[forge-1.20.1-47.3.0_mapped_official_1.20.1-recomp.jar%23191!/:?]
	at net.minecraft.server.MinecraftServer.pollTask(MinecraftServer.java:747) ~[forge-1.20.1-47.3.0_mapped_official_1.20.1-recomp.jar%23191!/:?]
	at net.minecraft.util.thread.BlockableEventLoop.managedBlock(BlockableEventLoop.java:126) ~[forge-1.20.1-47.3.0_mapped_official_1.20.1-recomp.jar%23191!/:?]
	at net.minecraft.server.MinecraftServer.waitUntilNextTick(MinecraftServer.java:733) ~[forge-1.20.1-47.3.0_mapped_official_1.20.1-recomp.jar%23191!/:?]
	at net.minecraft.server.MinecraftServer.runServer(MinecraftServer.java:665) ~[forge-1.20.1-47.3.0_mapped_official_1.20.1-recomp.jar%23191!/:?]
	at net.minecraft.server.MinecraftServer.lambda$spin$2(MinecraftServer.java:251) ~[forge-1.20.1-47.3.0_mapped_official_1.20.1-recomp.jar%23191!/:?]
	at java.lang.Thread.run(Thread.java:840) ~[?:?]
[01Sept2025 23:53:05.294] [Server thread/ERROR] [net.minecraft.network.protocol.PacketUtils/]: Failed to handle packet net.minecraft.network.protocol.game.ServerboundUseItemOnPacket@5f521d94, suppressing error
java.lang.NullPointerException: null
	at java.util.Objects.requireNonNull(Objects.java:209) ~[?:?]
	at wcore.sapphic.items.BaseSonicItem.playUseSound(BaseSonicItem.java:62) ~[%23196!/:?]
	at wcore.sapphic.items.DataSonicItem.playUseSound(DataSonicItem.java:64) ~[%23196!/:?]
	at wcore.sapphic.items.BaseSonicItem.useOn(BaseSonicItem.java:39) ~[%23196!/:?]
	at wcore.sapphic.items.DataSonicItem.useOn(DataSonicItem.java:49) ~[%23196!/:?]
	at net.minecraftforge.common.ForgeHooks.onPlaceItemIntoWorld(ForgeHooks.java:587) ~[forge-1.20.1-47.3.0_mapped_official_1.20.1-recomp.jar%23190%23197!/:?]
	at net.minecraft.world.item.ItemStack.useOn(ItemStack.java:245) ~[forge-1.20.1-47.3.0_mapped_official_1.20.1-recomp.jar%23191!/:?]
	at net.minecraft.server.level.ServerPlayerGameMode.useItemOn(ServerPlayerGameMode.java:355) ~[forge-1.20.1-47.3.0_mapped_official_1.20.1-recomp.jar%23191!/:?]
	at net.minecraft.server.network.ServerGamePacketListenerImpl.handleUseItemOn(ServerGamePacketListenerImpl.java:1057) ~[forge-1.20.1-47.3.0_mapped_official_1.20.1-recomp.jar%23191!/:?]
	at net.minecraft.network.protocol.game.ServerboundUseItemOnPacket.handle(ServerboundUseItemOnPacket.java:32) ~[forge-1.20.1-47.3.0_mapped_official_1.20.1-recomp.jar%23191!/:?]
	at net.minecraft.network.protocol.game.ServerboundUseItemOnPacket.handle(ServerboundUseItemOnPacket.java:8) ~[forge-1.20.1-47.3.0_mapped_official_1.20.1-recomp.jar%23191!/:?]
	at net.minecraft.network.protocol.PacketUtils.lambda$ensureRunningOnSameThread$0(PacketUtils.java:22) ~[forge-1.20.1-47.3.0_mapped_official_1.20.1-recomp.jar%23191!/:?]
	at net.minecraft.server.TickTask.run(TickTask.java:17) ~[forge-1.20.1-47.3.0_mapped_official_1.20.1-recomp.jar%23191!/:?]
	at net.minecraft.util.thread.BlockableEventLoop.doRunTask(BlockableEventLoop.java:143) ~[forge-1.20.1-47.3.0_mapped_official_1.20.1-recomp.jar%23191!/:?]
	at net.minecraft.util.thread.ReentrantBlockableEventLoop.doRunTask(ReentrantBlockableEventLoop.java:22) ~[forge-1.20.1-47.3.0_mapped_official_1.20.1-recomp.jar%23191!/:?]
	at net.minecraft.server.MinecraftServer.doRunTask(MinecraftServer.java:770) ~[forge-1.20.1-47.3.0_mapped_official_1.20.1-recomp.jar%23191!/:?]
	at net.minecraft.server.MinecraftServer.doRunTask(MinecraftServer.java:161) ~[forge-1.20.1-47.3.0_mapped_official_1.20.1-recomp.jar%23191!/:?]
	at net.minecraft.util.thread.BlockableEventLoop.pollTask(BlockableEventLoop.java:116) ~[forge-1.20.1-47.3.0_mapped_official_1.20.1-recomp.jar%23191!/:?]
	at net.minecraft.server.MinecraftServer.pollTaskInternal(MinecraftServer.java:753) ~[forge-1.20.1-47.3.0_mapped_official_1.20.1-recomp.jar%23191!/:?]
	at net.minecraft.server.MinecraftServer.pollTask(MinecraftServer.java:747) ~[forge-1.20.1-47.3.0_mapped_official_1.20.1-recomp.jar%23191!/:?]
	at net.minecraft.util.thread.BlockableEventLoop.managedBlock(BlockableEventLoop.java:126) ~[forge-1.20.1-47.3.0_mapped_official_1.20.1-recomp.jar%23191!/:?]
	at net.minecraft.server.MinecraftServer.waitUntilNextTick(MinecraftServer.java:733) ~[forge-1.20.1-47.3.0_mapped_official_1.20.1-recomp.jar%23191!/:?]
	at net.minecraft.server.MinecraftServer.runServer(MinecraftServer.java:665) ~[forge-1.20.1-47.3.0_mapped_official_1.20.1-recomp.jar%23191!/:?]
	at net.minecraft.server.MinecraftServer.lambda$spin$2(MinecraftServer.java:251) ~[forge-1.20.1-47.3.0_mapped_official_1.20.1-recomp.jar%23191!/:?]
	at java.lang.Thread.run(Thread.java:840) ~[?:?]
[01Sept2025 23:53:06.643] [Server thread/ERROR] [net.minecraft.network.protocol.PacketUtils/]: Failed to handle packet net.minecraft.network.protocol.game.ServerboundUseItemOnPacket@554e0606, suppressing error
java.lang.NullPointerException: null
	at java.util.Objects.requireNonNull(Objects.java:209) ~[?:?]
	at wcore.sapphic.items.BaseSonicItem.playUseSound(BaseSonicItem.java:62) ~[%23196!/:?]
	at wcore.sapphic.items.DataSonicItem.playUseSound(DataSonicItem.java:64) ~[%23196!/:?]
	at wcore.sapphic.items.BaseSonicItem.useOn(BaseSonicItem.java:39) ~[%23196!/:?]
	at wcore.sapphic.items.DataSonicItem.useOn(DataSonicItem.java:49) ~[%23196!/:?]
	at net.minecraftforge.common.ForgeHooks.onPlaceItemIntoWorld(ForgeHooks.java:587) ~[forge-1.20.1-47.3.0_mapped_official_1.20.1-recomp.jar%23190%23197!/:?]
	at net.minecraft.world.item.ItemStack.useOn(ItemStack.java:245) ~[forge-1.20.1-47.3.0_mapped_official_1.20.1-recomp.jar%23191!/:?]
	at net.minecraft.server.level.ServerPlayerGameMode.useItemOn(ServerPlayerGameMode.java:355) ~[forge-1.20.1-47.3.0_mapped_official_1.20.1-recomp.jar%23191!/:?]
	at net.minecraft.server.network.ServerGamePacketListenerImpl.handleUseItemOn(ServerGamePacketListenerImpl.java:1057) ~[forge-1.20.1-47.3.0_mapped_official_1.20.1-recomp.jar%23191!/:?]
	at net.minecraft.network.protocol.game.ServerboundUseItemOnPacket.handle(ServerboundUseItemOnPacket.java:32) ~[forge-1.20.1-47.3.0_mapped_official_1.20.1-recomp.jar%23191!/:?]
	at net.minecraft.network.protocol.game.ServerboundUseItemOnPacket.handle(ServerboundUseItemOnPacket.java:8) ~[forge-1.20.1-47.3.0_mapped_official_1.20.1-recomp.jar%23191!/:?]
	at net.minecraft.network.protocol.PacketUtils.lambda$ensureRunningOnSameThread$0(PacketUtils.java:22) ~[forge-1.20.1-47.3.0_mapped_official_1.20.1-recomp.jar%23191!/:?]
	at net.minecraft.server.TickTask.run(TickTask.java:17) ~[forge-1.20.1-47.3.0_mapped_official_1.20.1-recomp.jar%23191!/:?]
	at net.minecraft.util.thread.BlockableEventLoop.doRunTask(BlockableEventLoop.java:143) ~[forge-1.20.1-47.3.0_mapped_official_1.20.1-recomp.jar%23191!/:?]
	at net.minecraft.util.thread.ReentrantBlockableEventLoop.doRunTask(ReentrantBlockableEventLoop.java:22) ~[forge-1.20.1-47.3.0_mapped_official_1.20.1-recomp.jar%23191!/:?]
	at net.minecraft.server.MinecraftServer.doRunTask(MinecraftServer.java:770) ~[forge-1.20.1-47.3.0_mapped_official_1.20.1-recomp.jar%23191!/:?]
	at net.minecraft.server.MinecraftServer.doRunTask(MinecraftServer.java:161) ~[forge-1.20.1-47.3.0_mapped_official_1.20.1-recomp.jar%23191!/:?]
	at net.minecraft.util.thread.BlockableEventLoop.pollTask(BlockableEventLoop.java:116) ~[forge-1.20.1-47.3.0_mapped_official_1.20.1-recomp.jar%23191!/:?]
	at net.minecraft.server.MinecraftServer.pollTaskInternal(MinecraftServer.java:753) ~[forge-1.20.1-47.3.0_mapped_official_1.20.1-recomp.jar%23191!/:?]
	at net.minecraft.server.MinecraftServer.pollTask(MinecraftServer.java:747) ~[forge-1.20.1-47.3.0_mapped_official_1.20.1-recomp.jar%23191!/:?]
	at net.minecraft.util.thread.BlockableEventLoop.managedBlock(BlockableEventLoop.java:126) ~[forge-1.20.1-47.3.0_mapped_official_1.20.1-recomp.jar%23191!/:?]
	at net.minecraft.server.MinecraftServer.waitUntilNextTick(MinecraftServer.java:733) ~[forge-1.20.1-47.3.0_mapped_official_1.20.1-recomp.jar%23191!/:?]
	at net.minecraft.server.MinecraftServer.runServer(MinecraftServer.java:665) ~[forge-1.20.1-47.3.0_mapped_official_1.20.1-recomp.jar%23191!/:?]
	at net.minecraft.server.MinecraftServer.lambda$spin$2(MinecraftServer.java:251) ~[forge-1.20.1-47.3.0_mapped_official_1.20.1-recomp.jar%23191!/:?]
	at java.lang.Thread.run(Thread.java:840) ~[?:?]
[01Sept2025 23:53:12.543] [Server thread/ERROR] [net.minecraft.network.protocol.PacketUtils/]: Failed to handle packet net.minecraft.network.protocol.game.ServerboundUseItemOnPacket@1b7ae59, suppressing error
java.lang.NullPointerException: null
	at java.util.Objects.requireNonNull(Objects.java:209) ~[?:?]
	at wcore.sapphic.items.BaseSonicItem.playUseSound(BaseSonicItem.java:62) ~[%23196!/:?]
	at wcore.sapphic.items.DataSonicItem.playUseSound(DataSonicItem.java:64) ~[%23196!/:?]
	at wcore.sapphic.items.BaseSonicItem.useOn(BaseSonicItem.java:39) ~[%23196!/:?]
	at wcore.sapphic.items.DataSonicItem.useOn(DataSonicItem.java:49) ~[%23196!/:?]
	at net.minecraftforge.common.ForgeHooks.onPlaceItemIntoWorld(ForgeHooks.java:587) ~[forge-1.20.1-47.3.0_mapped_official_1.20.1-recomp.jar%23190%23197!/:?]
	at net.minecraft.world.item.ItemStack.useOn(ItemStack.java:245) ~[forge-1.20.1-47.3.0_mapped_official_1.20.1-recomp.jar%23191!/:?]
	at net.minecraft.server.level.ServerPlayerGameMode.useItemOn(ServerPlayerGameMode.java:355) ~[forge-1.20.1-47.3.0_mapped_official_1.20.1-recomp.jar%23191!/:?]
	at net.minecraft.server.network.ServerGamePacketListenerImpl.handleUseItemOn(ServerGamePacketListenerImpl.java:1057) ~[forge-1.20.1-47.3.0_mapped_official_1.20.1-recomp.jar%23191!/:?]
	at net.minecraft.network.protocol.game.ServerboundUseItemOnPacket.handle(ServerboundUseItemOnPacket.java:32) ~[forge-1.20.1-47.3.0_mapped_official_1.20.1-recomp.jar%23191!/:?]
	at net.minecraft.network.protocol.game.ServerboundUseItemOnPacket.handle(ServerboundUseItemOnPacket.java:8) ~[forge-1.20.1-47.3.0_mapped_official_1.20.1-recomp.jar%23191!/:?]
	at net.minecraft.network.protocol.PacketUtils.lambda$ensureRunningOnSameThread$0(PacketUtils.java:22) ~[forge-1.20.1-47.3.0_mapped_official_1.20.1-recomp.jar%23191!/:?]
	at net.minecraft.server.TickTask.run(TickTask.java:17) ~[forge-1.20.1-47.3.0_mapped_official_1.20.1-recomp.jar%23191!/:?]
	at net.minecraft.util.thread.BlockableEventLoop.doRunTask(BlockableEventLoop.java:143) ~[forge-1.20.1-47.3.0_mapped_official_1.20.1-recomp.jar%23191!/:?]
	at net.minecraft.util.thread.ReentrantBlockableEventLoop.doRunTask(ReentrantBlockableEventLoop.java:22) ~[forge-1.20.1-47.3.0_mapped_official_1.20.1-recomp.jar%23191!/:?]
	at net.minecraft.server.MinecraftServer.doRunTask(MinecraftServer.java:770) ~[forge-1.20.1-47.3.0_mapped_official_1.20.1-recomp.jar%23191!/:?]
	at net.minecraft.server.MinecraftServer.doRunTask(MinecraftServer.java:161) ~[forge-1.20.1-47.3.0_mapped_official_1.20.1-recomp.jar%23191!/:?]
	at net.minecraft.util.thread.BlockableEventLoop.pollTask(BlockableEventLoop.java:116) ~[forge-1.20.1-47.3.0_mapped_official_1.20.1-recomp.jar%23191!/:?]
	at net.minecraft.server.MinecraftServer.pollTaskInternal(MinecraftServer.java:753) ~[forge-1.20.1-47.3.0_mapped_official_1.20.1-recomp.jar%23191!/:?]
	at net.minecraft.server.MinecraftServer.pollTask(MinecraftServer.java:747) ~[forge-1.20.1-47.3.0_mapped_official_1.20.1-recomp.jar%23191!/:?]
	at net.minecraft.util.thread.BlockableEventLoop.managedBlock(BlockableEventLoop.java:126) ~[forge-1.20.1-47.3.0_mapped_official_1.20.1-recomp.jar%23191!/:?]
	at net.minecraft.server.MinecraftServer.waitUntilNextTick(MinecraftServer.java:733) ~[forge-1.20.1-47.3.0_mapped_official_1.20.1-recomp.jar%23191!/:?]
	at net.minecraft.server.MinecraftServer.runServer(MinecraftServer.java:665) ~[forge-1.20.1-47.3.0_mapped_official_1.20.1-recomp.jar%23191!/:?]
	at net.minecraft.server.MinecraftServer.lambda$spin$2(MinecraftServer.java:251) ~[forge-1.20.1-47.3.0_mapped_official_1.20.1-recomp.jar%23191!/:?]
	at java.lang.Thread.run(Thread.java:840) ~[?:?]
[01Sept2025 23:53:17.945] [Server thread/ERROR] [net.minecraft.network.protocol.PacketUtils/]: Failed to handle packet net.minecraft.network.protocol.game.ServerboundUseItemOnPacket@b5f02ce, suppressing error
java.lang.NullPointerException: null
	at java.util.Objects.requireNonNull(Objects.java:209) ~[?:?]
	at wcore.sapphic.items.BaseSonicItem.playUseSound(BaseSonicItem.java:62) ~[%23196!/:?]
	at wcore.sapphic.items.DataSonicItem.playUseSound(DataSonicItem.java:64) ~[%23196!/:?]
	at wcore.sapphic.items.BaseSonicItem.useOn(BaseSonicItem.java:39) ~[%23196!/:?]
	at wcore.sapphic.items.DataSonicItem.useOn(DataSonicItem.java:49) ~[%23196!/:?]
	at net.minecraftforge.common.ForgeHooks.onPlaceItemIntoWorld(ForgeHooks.java:587) ~[forge-1.20.1-47.3.0_mapped_official_1.20.1-recomp.jar%23190%23197!/:?]
	at net.minecraft.world.item.ItemStack.useOn(ItemStack.java:245) ~[forge-1.20.1-47.3.0_mapped_official_1.20.1-recomp.jar%23191!/:?]
	at net.minecraft.server.level.ServerPlayerGameMode.useItemOn(ServerPlayerGameMode.java:355) ~[forge-1.20.1-47.3.0_mapped_official_1.20.1-recomp.jar%23191!/:?]
	at net.minecraft.server.network.ServerGamePacketListenerImpl.handleUseItemOn(ServerGamePacketListenerImpl.java:1057) ~[forge-1.20.1-47.3.0_mapped_official_1.20.1-recomp.jar%23191!/:?]
	at net.minecraft.network.protocol.game.ServerboundUseItemOnPacket.handle(ServerboundUseItemOnPacket.java:32) ~[forge-1.20.1-47.3.0_mapped_official_1.20.1-recomp.jar%23191!/:?]
	at net.minecraft.network.protocol.game.ServerboundUseItemOnPacket.handle(ServerboundUseItemOnPacket.java:8) ~[forge-1.20.1-47.3.0_mapped_official_1.20.1-recomp.jar%23191!/:?]
	at net.minecraft.network.protocol.PacketUtils.lambda$ensureRunningOnSameThread$0(PacketUtils.java:22) ~[forge-1.20.1-47.3.0_mapped_official_1.20.1-recomp.jar%23191!/:?]
	at net.minecraft.server.TickTask.run(TickTask.java:17) ~[forge-1.20.1-47.3.0_mapped_official_1.20.1-recomp.jar%23191!/:?]
	at net.minecraft.util.thread.BlockableEventLoop.doRunTask(BlockableEventLoop.java:143) ~[forge-1.20.1-47.3.0_mapped_official_1.20.1-recomp.jar%23191!/:?]
	at net.minecraft.util.thread.ReentrantBlockableEventLoop.doRunTask(ReentrantBlockableEventLoop.java:22) ~[forge-1.20.1-47.3.0_mapped_official_1.20.1-recomp.jar%23191!/:?]
	at net.minecraft.server.MinecraftServer.doRunTask(MinecraftServer.java:770) ~[forge-1.20.1-47.3.0_mapped_official_1.20.1-recomp.jar%23191!/:?]
	at net.minecraft.server.MinecraftServer.doRunTask(MinecraftServer.java:161) ~[forge-1.20.1-47.3.0_mapped_official_1.20.1-recomp.jar%23191!/:?]
	at net.minecraft.util.thread.BlockableEventLoop.pollTask(BlockableEventLoop.java:116) ~[forge-1.20.1-47.3.0_mapped_official_1.20.1-recomp.jar%23191!/:?]
	at net.minecraft.server.MinecraftServer.pollTaskInternal(MinecraftServer.java:753) ~[forge-1.20.1-47.3.0_mapped_official_1.20.1-recomp.jar%23191!/:?]
	at net.minecraft.server.MinecraftServer.pollTask(MinecraftServer.java:747) ~[forge-1.20.1-47.3.0_mapped_official_1.20.1-recomp.jar%23191!/:?]
	at net.minecraft.util.thread.BlockableEventLoop.managedBlock(BlockableEventLoop.java:126) ~[forge-1.20.1-47.3.0_mapped_official_1.20.1-recomp.jar%23191!/:?]
	at net.minecraft.server.MinecraftServer.waitUntilNextTick(MinecraftServer.java:733) ~[forge-1.20.1-47.3.0_mapped_official_1.20.1-recomp.jar%23191!/:?]
	at net.minecraft.server.MinecraftServer.runServer(MinecraftServer.java:665) ~[forge-1.20.1-47.3.0_mapped_official_1.20.1-recomp.jar%23191!/:?]
	at net.minecraft.server.MinecraftServer.lambda$spin$2(MinecraftServer.java:251) ~[forge-1.20.1-47.3.0_mapped_official_1.20.1-recomp.jar%23191!/:?]
	at java.lang.Thread.run(Thread.java:840) ~[?:?]
[01Sept2025 23:53:19.192] [Server thread/ERROR] [net.minecraft.network.protocol.PacketUtils/]: Failed to handle packet net.minecraft.network.protocol.game.ServerboundUseItemOnPacket@60a2252b, suppressing error
java.lang.NullPointerException: null
	at java.util.Objects.requireNonNull(Objects.java:209) ~[?:?]
	at wcore.sapphic.items.BaseSonicItem.playUseSound(BaseSonicItem.java:62) ~[%23196!/:?]
	at wcore.sapphic.items.DataSonicItem.playUseSound(DataSonicItem.java:64) ~[%23196!/:?]
	at wcore.sapphic.items.BaseSonicItem.useOn(BaseSonicItem.java:39) ~[%23196!/:?]
	at wcore.sapphic.items.DataSonicItem.useOn(DataSonicItem.java:49) ~[%23196!/:?]
	at net.minecraftforge.common.ForgeHooks.onPlaceItemIntoWorld(ForgeHooks.java:587) ~[forge-1.20.1-47.3.0_mapped_official_1.20.1-recomp.jar%23190%23197!/:?]
	at net.minecraft.world.item.ItemStack.useOn(ItemStack.java:245) ~[forge-1.20.1-47.3.0_mapped_official_1.20.1-recomp.jar%23191!/:?]
	at net.minecraft.server.level.ServerPlayerGameMode.useItemOn(ServerPlayerGameMode.java:355) ~[forge-1.20.1-47.3.0_mapped_official_1.20.1-recomp.jar%23191!/:?]
	at net.minecraft.server.network.ServerGamePacketListenerImpl.handleUseItemOn(ServerGamePacketListenerImpl.java:1057) ~[forge-1.20.1-47.3.0_mapped_official_1.20.1-recomp.jar%23191!/:?]
	at net.minecraft.network.protocol.game.ServerboundUseItemOnPacket.handle(ServerboundUseItemOnPacket.java:32) ~[forge-1.20.1-47.3.0_mapped_official_1.20.1-recomp.jar%23191!/:?]
	at net.minecraft.network.protocol.game.ServerboundUseItemOnPacket.handle(ServerboundUseItemOnPacket.java:8) ~[forge-1.20.1-47.3.0_mapped_official_1.20.1-recomp.jar%23191!/:?]
	at net.minecraft.network.protocol.PacketUtils.lambda$ensureRunningOnSameThread$0(PacketUtils.java:22) ~[forge-1.20.1-47.3.0_mapped_official_1.20.1-recomp.jar%23191!/:?]
	at net.minecraft.server.TickTask.run(TickTask.java:17) ~[forge-1.20.1-47.3.0_mapped_official_1.20.1-recomp.jar%23191!/:?]
	at net.minecraft.util.thread.BlockableEventLoop.doRunTask(BlockableEventLoop.java:143) ~[forge-1.20.1-47.3.0_mapped_official_1.20.1-recomp.jar%23191!/:?]
	at net.minecraft.util.thread.ReentrantBlockableEventLoop.doRunTask(ReentrantBlockableEventLoop.java:22) ~[forge-1.20.1-47.3.0_mapped_official_1.20.1-recomp.jar%23191!/:?]
	at net.minecraft.server.MinecraftServer.doRunTask(MinecraftServer.java:770) ~[forge-1.20.1-47.3.0_mapped_official_1.20.1-recomp.jar%23191!/:?]
	at net.minecraft.server.MinecraftServer.doRunTask(MinecraftServer.java:161) ~[forge-1.20.1-47.3.0_mapped_official_1.20.1-recomp.jar%23191!/:?]
	at net.minecraft.util.thread.BlockableEventLoop.pollTask(BlockableEventLoop.java:116) ~[forge-1.20.1-47.3.0_mapped_official_1.20.1-recomp.jar%23191!/:?]
	at net.minecraft.server.MinecraftServer.pollTaskInternal(MinecraftServer.java:753) ~[forge-1.20.1-47.3.0_mapped_official_1.20.1-recomp.jar%23191!/:?]
	at net.minecraft.server.MinecraftServer.pollTask(MinecraftServer.java:747) ~[forge-1.20.1-47.3.0_mapped_official_1.20.1-recomp.jar%23191!/:?]
	at net.minecraft.util.thread.BlockableEventLoop.managedBlock(BlockableEventLoop.java:126) ~[forge-1.20.1-47.3.0_mapped_official_1.20.1-recomp.jar%23191!/:?]
	at net.minecraft.server.MinecraftServer.waitUntilNextTick(MinecraftServer.java:733) ~[forge-1.20.1-47.3.0_mapped_official_1.20.1-recomp.jar%23191!/:?]
	at net.minecraft.server.MinecraftServer.runServer(MinecraftServer.java:665) ~[forge-1.20.1-47.3.0_mapped_official_1.20.1-recomp.jar%23191!/:?]
	at net.minecraft.server.MinecraftServer.lambda$spin$2(MinecraftServer.java:251) ~[forge-1.20.1-47.3.0_mapped_official_1.20.1-recomp.jar%23191!/:?]
	at java.lang.Thread.run(Thread.java:840) ~[?:?]
[01Sept2025 23:53:20.492] [Server thread/ERROR] [net.minecraft.network.protocol.PacketUtils/]: Failed to handle packet net.minecraft.network.protocol.game.ServerboundUseItemOnPacket@5f436da4, suppressing error
java.lang.NullPointerException: null
	at java.util.Objects.requireNonNull(Objects.java:209) ~[?:?]
	at wcore.sapphic.items.BaseSonicItem.playUseSound(BaseSonicItem.java:62) ~[%23196!/:?]
	at wcore.sapphic.items.DataSonicItem.playUseSound(DataSonicItem.java:64) ~[%23196!/:?]
	at wcore.sapphic.items.BaseSonicItem.useOn(BaseSonicItem.java:39) ~[%23196!/:?]
	at wcore.sapphic.items.DataSonicItem.useOn(DataSonicItem.java:49) ~[%23196!/:?]
	at net.minecraftforge.common.ForgeHooks.onPlaceItemIntoWorld(ForgeHooks.java:587) ~[forge-1.20.1-47.3.0_mapped_official_1.20.1-recomp.jar%23190%23197!/:?]
	at net.minecraft.world.item.ItemStack.useOn(ItemStack.java:245) ~[forge-1.20.1-47.3.0_mapped_official_1.20.1-recomp.jar%23191!/:?]
	at net.minecraft.server.level.ServerPlayerGameMode.useItemOn(ServerPlayerGameMode.java:355) ~[forge-1.20.1-47.3.0_mapped_official_1.20.1-recomp.jar%23191!/:?]
	at net.minecraft.server.network.ServerGamePacketListenerImpl.handleUseItemOn(ServerGamePacketListenerImpl.java:1057) ~[forge-1.20.1-47.3.0_mapped_official_1.20.1-recomp.jar%23191!/:?]
	at net.minecraft.network.protocol.game.ServerboundUseItemOnPacket.handle(ServerboundUseItemOnPacket.java:32) ~[forge-1.20.1-47.3.0_mapped_official_1.20.1-recomp.jar%23191!/:?]
	at net.minecraft.network.protocol.game.ServerboundUseItemOnPacket.handle(ServerboundUseItemOnPacket.java:8) ~[forge-1.20.1-47.3.0_mapped_official_1.20.1-recomp.jar%23191!/:?]
	at net.minecraft.network.protocol.PacketUtils.lambda$ensureRunningOnSameThread$0(PacketUtils.java:22) ~[forge-1.20.1-47.3.0_mapped_official_1.20.1-recomp.jar%23191!/:?]
	at net.minecraft.server.TickTask.run(TickTask.java:17) ~[forge-1.20.1-47.3.0_mapped_official_1.20.1-recomp.jar%23191!/:?]
	at net.minecraft.util.thread.BlockableEventLoop.doRunTask(BlockableEventLoop.java:143) ~[forge-1.20.1-47.3.0_mapped_official_1.20.1-recomp.jar%23191!/:?]
	at net.minecraft.util.thread.ReentrantBlockableEventLoop.doRunTask(ReentrantBlockableEventLoop.java:22) ~[forge-1.20.1-47.3.0_mapped_official_1.20.1-recomp.jar%23191!/:?]
	at net.minecraft.server.MinecraftServer.doRunTask(MinecraftServer.java:770) ~[forge-1.20.1-47.3.0_mapped_official_1.20.1-recomp.jar%23191!/:?]
	at net.minecraft.server.MinecraftServer.doRunTask(MinecraftServer.java:161) ~[forge-1.20.1-47.3.0_mapped_official_1.20.1-recomp.jar%23191!/:?]
	at net.minecraft.util.thread.BlockableEventLoop.pollTask(BlockableEventLoop.java:116) ~[forge-1.20.1-47.3.0_mapped_official_1.20.1-recomp.jar%23191!/:?]
	at net.minecraft.server.MinecraftServer.pollTaskInternal(MinecraftServer.java:753) ~[forge-1.20.1-47.3.0_mapped_official_1.20.1-recomp.jar%23191!/:?]
	at net.minecraft.server.MinecraftServer.pollTask(MinecraftServer.java:747) ~[forge-1.20.1-47.3.0_mapped_official_1.20.1-recomp.jar%23191!/:?]
	at net.minecraft.util.thread.BlockableEventLoop.managedBlock(BlockableEventLoop.java:126) ~[forge-1.20.1-47.3.0_mapped_official_1.20.1-recomp.jar%23191!/:?]
	at net.minecraft.server.MinecraftServer.waitUntilNextTick(MinecraftServer.java:733) ~[forge-1.20.1-47.3.0_mapped_official_1.20.1-recomp.jar%23191!/:?]
	at net.minecraft.server.MinecraftServer.runServer(MinecraftServer.java:665) ~[forge-1.20.1-47.3.0_mapped_official_1.20.1-recomp.jar%23191!/:?]
	at net.minecraft.server.MinecraftServer.lambda$spin$2(MinecraftServer.java:251) ~[forge-1.20.1-47.3.0_mapped_official_1.20.1-recomp.jar%23191!/:?]
	at java.lang.Thread.run(Thread.java:840) ~[?:?]
[01Sept2025 23:53:21.544] [Server thread/ERROR] [net.minecraft.network.protocol.PacketUtils/]: Failed to handle packet net.minecraft.network.protocol.game.ServerboundUseItemOnPacket@51405bd3, suppressing error
java.lang.NullPointerException: null
	at java.util.Objects.requireNonNull(Objects.java:209) ~[?:?]
	at wcore.sapphic.items.BaseSonicItem.playUseSound(BaseSonicItem.java:62) ~[%23196!/:?]
	at wcore.sapphic.items.DataSonicItem.playUseSound(DataSonicItem.java:64) ~[%23196!/:?]
	at wcore.sapphic.items.BaseSonicItem.useOn(BaseSonicItem.java:39) ~[%23196!/:?]
	at wcore.sapphic.items.DataSonicItem.useOn(DataSonicItem.java:49) ~[%23196!/:?]
	at net.minecraftforge.common.ForgeHooks.onPlaceItemIntoWorld(ForgeHooks.java:587) ~[forge-1.20.1-47.3.0_mapped_official_1.20.1-recomp.jar%23190%23197!/:?]
	at net.minecraft.world.item.ItemStack.useOn(ItemStack.java:245) ~[forge-1.20.1-47.3.0_mapped_official_1.20.1-recomp.jar%23191!/:?]
	at net.minecraft.server.level.ServerPlayerGameMode.useItemOn(ServerPlayerGameMode.java:355) ~[forge-1.20.1-47.3.0_mapped_official_1.20.1-recomp.jar%23191!/:?]
	at net.minecraft.server.network.ServerGamePacketListenerImpl.handleUseItemOn(ServerGamePacketListenerImpl.java:1057) ~[forge-1.20.1-47.3.0_mapped_official_1.20.1-recomp.jar%23191!/:?]
	at net.minecraft.network.protocol.game.ServerboundUseItemOnPacket.handle(ServerboundUseItemOnPacket.java:32) ~[forge-1.20.1-47.3.0_mapped_official_1.20.1-recomp.jar%23191!/:?]
	at net.minecraft.network.protocol.game.ServerboundUseItemOnPacket.handle(ServerboundUseItemOnPacket.java:8) ~[forge-1.20.1-47.3.0_mapped_official_1.20.1-recomp.jar%23191!/:?]
	at net.minecraft.network.protocol.PacketUtils.lambda$ensureRunningOnSameThread$0(PacketUtils.java:22) ~[forge-1.20.1-47.3.0_mapped_official_1.20.1-recomp.jar%23191!/:?]
	at net.minecraft.server.TickTask.run(TickTask.java:17) ~[forge-1.20.1-47.3.0_mapped_official_1.20.1-recomp.jar%23191!/:?]
	at net.minecraft.util.thread.BlockableEventLoop.doRunTask(BlockableEventLoop.java:143) ~[forge-1.20.1-47.3.0_mapped_official_1.20.1-recomp.jar%23191!/:?]
	at net.minecraft.util.thread.ReentrantBlockableEventLoop.doRunTask(ReentrantBlockableEventLoop.java:22) ~[forge-1.20.1-47.3.0_mapped_official_1.20.1-recomp.jar%23191!/:?]
	at net.minecraft.server.MinecraftServer.doRunTask(MinecraftServer.java:770) ~[forge-1.20.1-47.3.0_mapped_official_1.20.1-recomp.jar%23191!/:?]
	at net.minecraft.server.MinecraftServer.doRunTask(MinecraftServer.java:161) ~[forge-1.20.1-47.3.0_mapped_official_1.20.1-recomp.jar%23191!/:?]
	at net.minecraft.util.thread.BlockableEventLoop.pollTask(BlockableEventLoop.java:116) ~[forge-1.20.1-47.3.0_mapped_official_1.20.1-recomp.jar%23191!/:?]
	at net.minecraft.server.MinecraftServer.pollTaskInternal(MinecraftServer.java:753) ~[forge-1.20.1-47.3.0_mapped_official_1.20.1-recomp.jar%23191!/:?]
	at net.minecraft.server.MinecraftServer.pollTask(MinecraftServer.java:747) ~[forge-1.20.1-47.3.0_mapped_official_1.20.1-recomp.jar%23191!/:?]
	at net.minecraft.util.thread.BlockableEventLoop.managedBlock(BlockableEventLoop.java:126) ~[forge-1.20.1-47.3.0_mapped_official_1.20.1-recomp.jar%23191!/:?]
	at net.minecraft.server.MinecraftServer.waitUntilNextTick(MinecraftServer.java:733) ~[forge-1.20.1-47.3.0_mapped_official_1.20.1-recomp.jar%23191!/:?]
	at net.minecraft.server.MinecraftServer.runServer(MinecraftServer.java:665) ~[forge-1.20.1-47.3.0_mapped_official_1.20.1-recomp.jar%23191!/:?]
	at net.minecraft.server.MinecraftServer.lambda$spin$2(MinecraftServer.java:251) ~[forge-1.20.1-47.3.0_mapped_official_1.20.1-recomp.jar%23191!/:?]
	at java.lang.Thread.run(Thread.java:840) ~[?:?]
[01Sept2025 23:53:23.743] [Server thread/ERROR] [net.minecraft.network.protocol.PacketUtils/]: Failed to handle packet net.minecraft.network.protocol.game.ServerboundUseItemOnPacket@1ee1bfcd, suppressing error
java.lang.NullPointerException: null
	at java.util.Objects.requireNonNull(Objects.java:209) ~[?:?]
	at wcore.sapphic.items.BaseSonicItem.playUseSound(BaseSonicItem.java:62) ~[%23196!/:?]
	at wcore.sapphic.items.DataSonicItem.playUseSound(DataSonicItem.java:64) ~[%23196!/:?]
	at wcore.sapphic.items.BaseSonicItem.useOn(BaseSonicItem.java:39) ~[%23196!/:?]
	at wcore.sapphic.items.DataSonicItem.useOn(DataSonicItem.java:49) ~[%23196!/:?]
	at net.minecraftforge.common.ForgeHooks.onPlaceItemIntoWorld(ForgeHooks.java:587) ~[forge-1.20.1-47.3.0_mapped_official_1.20.1-recomp.jar%23190%23197!/:?]
	at net.minecraft.world.item.ItemStack.useOn(ItemStack.java:245) ~[forge-1.20.1-47.3.0_mapped_official_1.20.1-recomp.jar%23191!/:?]
	at net.minecraft.server.level.ServerPlayerGameMode.useItemOn(ServerPlayerGameMode.java:355) ~[forge-1.20.1-47.3.0_mapped_official_1.20.1-recomp.jar%23191!/:?]
	at net.minecraft.server.network.ServerGamePacketListenerImpl.handleUseItemOn(ServerGamePacketListenerImpl.java:1057) ~[forge-1.20.1-47.3.0_mapped_official_1.20.1-recomp.jar%23191!/:?]
	at net.minecraft.network.protocol.game.ServerboundUseItemOnPacket.handle(ServerboundUseItemOnPacket.java:32) ~[forge-1.20.1-47.3.0_mapped_official_1.20.1-recomp.jar%23191!/:?]
	at net.minecraft.network.protocol.game.ServerboundUseItemOnPacket.handle(ServerboundUseItemOnPacket.java:8) ~[forge-1.20.1-47.3.0_mapped_official_1.20.1-recomp.jar%23191!/:?]
	at net.minecraft.network.protocol.PacketUtils.lambda$ensureRunningOnSameThread$0(PacketUtils.java:22) ~[forge-1.20.1-47.3.0_mapped_official_1.20.1-recomp.jar%23191!/:?]
	at net.minecraft.server.TickTask.run(TickTask.java:17) ~[forge-1.20.1-47.3.0_mapped_official_1.20.1-recomp.jar%23191!/:?]
	at net.minecraft.util.thread.BlockableEventLoop.doRunTask(BlockableEventLoop.java:143) ~[forge-1.20.1-47.3.0_mapped_official_1.20.1-recomp.jar%23191!/:?]
	at net.minecraft.util.thread.ReentrantBlockableEventLoop.doRunTask(ReentrantBlockableEventLoop.java:22) ~[forge-1.20.1-47.3.0_mapped_official_1.20.1-recomp.jar%23191!/:?]
	at net.minecraft.server.MinecraftServer.doRunTask(MinecraftServer.java:770) ~[forge-1.20.1-47.3.0_mapped_official_1.20.1-recomp.jar%23191!/:?]
	at net.minecraft.server.MinecraftServer.doRunTask(MinecraftServer.java:161) ~[forge-1.20.1-47.3.0_mapped_official_1.20.1-recomp.jar%23191!/:?]
	at net.minecraft.util.thread.BlockableEventLoop.pollTask(BlockableEventLoop.java:116) ~[forge-1.20.1-47.3.0_mapped_official_1.20.1-recomp.jar%23191!/:?]
	at net.minecraft.server.MinecraftServer.pollTaskInternal(MinecraftServer.java:753) ~[forge-1.20.1-47.3.0_mapped_official_1.20.1-recomp.jar%23191!/:?]
	at net.minecraft.server.MinecraftServer.pollTask(MinecraftServer.java:747) ~[forge-1.20.1-47.3.0_mapped_official_1.20.1-recomp.jar%23191!/:?]
	at net.minecraft.util.thread.BlockableEventLoop.managedBlock(BlockableEventLoop.java:126) ~[forge-1.20.1-47.3.0_mapped_official_1.20.1-recomp.jar%23191!/:?]
	at net.minecraft.server.MinecraftServer.waitUntilNextTick(MinecraftServer.java:733) ~[forge-1.20.1-47.3.0_mapped_official_1.20.1-recomp.jar%23191!/:?]
	at net.minecraft.server.MinecraftServer.runServer(MinecraftServer.java:665) ~[forge-1.20.1-47.3.0_mapped_official_1.20.1-recomp.jar%23191!/:?]
	at net.minecraft.server.MinecraftServer.lambda$spin$2(MinecraftServer.java:251) ~[forge-1.20.1-47.3.0_mapped_official_1.20.1-recomp.jar%23191!/:?]
	at java.lang.Thread.run(Thread.java:840) ~[?:?]
[01Sept2025 23:54:51.002] [LanServerPinger #1/WARN] [net.minecraft.client.server.LanServerPinger/]: LanServerPinger: Network is unreachable: sendto
[01Sept2025 23:55:49.595] [Render thread/INFO] [net.minecraft.client.Minecraft/]: Stopping!
[01Sept2025 23:55:49.599] [Render thread/INFO] [mezz.jei.forge.startup.StartEventObserver/]: JEI StartEventObserver received class net.minecraftforge.client.event.ClientPlayerNetworkEvent$LoggingOut
[01Sept2025 23:55:49.599] [Render thread/INFO] [mezz.jei.forge.startup.StartEventObserver/]: JEI StartEventObserver transitioning state from JEI_STARTED to DISABLED
[01Sept2025 23:55:49.599] [Render thread/INFO] [mezz.jei.library.startup.JeiStarter/]: Stopping JEI
[01Sept2025 23:55:49.600] [Render thread/INFO] [mezz.jei.library.load.PluginCaller/]: Sending Runtime Unavailable...
[01Sept2025 23:55:49.602] [Render thread/INFO] [mezz.jei.forge.plugins.forge.ForgeGuiPlugin/]: Stopping JEI GUI
[01Sept2025 23:55:49.604] [Server thread/INFO] [net.minecraft.server.network.ServerGamePacketListenerImpl/]: Dev lost connection: Disconnected
[01Sept2025 23:55:49.605] [Server thread/INFO] [net.minecraft.server.MinecraftServer/]: Dev left the game
[01Sept2025 23:55:49.607] [Render thread/INFO] [mezz.jei.library.load.PluginCaller/]: Sending Runtime Unavailable took 6.778 ms
[01Sept2025 23:55:49.667] [Server thread/INFO] [net.minecraft.server.network.ServerGamePacketListenerImpl/]: Stopping singleplayer server as player logged out
[01Sept2025 23:55:49.722] [Server thread/INFO] [net.minecraft.server.MinecraftServer/]: Stopping server
[01Sept2025 23:55:49.724] [Server thread/INFO] [net.minecraft.server.MinecraftServer/]: Saving players
[01Sept2025 23:55:49.724] [Server thread/INFO] [net.minecraft.server.MinecraftServer/]: Saving worlds
[01Sept2025 23:55:50.802] [Server thread/INFO] [net.minecraft.server.MinecraftServer/]: Saving chunks for level 'ServerLevel[New World]'/minecraft:overworld
[01Sept2025 23:55:52.381] [Server thread/INFO] [net.minecraft.server.MinecraftServer/]: Saving chunks for level 'ServerLevel[New World]'/teabs_doctor_who_mod:skaro
[01Sept2025 23:55:52.386] [Server thread/INFO] [net.minecraft.server.MinecraftServer/]: Saving chunks for level 'ServerLevel[New World]'/teabs_doctor_who_mod:mondas
[01Sept2025 23:55:52.391] [Server thread/INFO] [net.minecraft.server.MinecraftServer/]: Saving chunks for level 'ServerLevel[New World]'/teabs_doctor_who_mod:tardis_dimension
[01Sept2025 23:55:52.395] [Server thread/INFO] [net.minecraft.server.MinecraftServer/]: Saving chunks for level 'ServerLevel[New World]'/teabs_doctor_who_mod:apocalyptic_earth
[01Sept2025 23:55:52.400] [Server thread/INFO] [net.minecraft.server.MinecraftServer/]: Saving chunks for level 'ServerLevel[New World]'/teabs_doctor_who_mod:minecraft_classic
[01Sept2025 23:55:52.406] [Server thread/INFO] [net.minecraft.server.MinecraftServer/]: Saving chunks for level 'ServerLevel[New World]'/teabs_doctor_who_mod:mars
[01Sept2025 23:55:52.411] [Server thread/INFO] [net.minecraft.server.MinecraftServer/]: Saving chunks for level 'ServerLevel[New World]'/teabs_doctor_who_mod:the_slip
[01Sept2025 23:55:52.418] [Server thread/INFO] [net.minecraft.server.MinecraftServer/]: Saving chunks for level 'ServerLevel[New World]'/minecraft:the_nether
[01Sept2025 23:55:52.423] [Server thread/INFO] [net.minecraft.server.MinecraftServer/]: Saving chunks for level 'ServerLevel[New World]'/dalekapi:tardis_dim
[01Sept2025 23:55:52.428] [Server thread/INFO] [net.minecraft.server.MinecraftServer/]: Saving chunks for level 'ServerLevel[New World]'/teabs_doctor_who_mod:the_moon
[01Sept2025 23:55:52.434] [Server thread/INFO] [net.minecraft.server.MinecraftServer/]: Saving chunks for level 'ServerLevel[New World]'/teabs_doctor_who_mod:midnight
[01Sept2025 23:55:52.438] [Server thread/INFO] [net.minecraft.server.MinecraftServer/]: Saving chunks for level 'ServerLevel[New World]'/teabs_doctor_who_mod:ood_sphere
[01Sept2025 23:55:52.442] [Server thread/INFO] [net.minecraft.server.MinecraftServer/]: Saving chunks for level 'ServerLevel[New World]'/teabs_doctor_who_mod:pocket_dimension
[01Sept2025 23:55:52.448] [Server thread/INFO] [net.minecraft.server.MinecraftServer/]: Saving chunks for level 'ServerLevel[New World]'/teabs_doctor_who_mod:prehistoric_earth
[01Sept2025 23:55:52.454] [Server thread/INFO] [net.minecraft.server.MinecraftServer/]: Saving chunks for level 'ServerLevel[New World]'/minecraft:the_end
[01Sept2025 23:55:52.458] [Server thread/INFO] [net.minecraft.server.MinecraftServer/]: Saving chunks for level 'ServerLevel[New World]'/teabs_doctor_who_mod:trenzalore
[01Sept2025 23:55:52.465] [Server thread/INFO] [net.minecraft.server.MinecraftServer/]: Saving chunks for level 'ServerLevel[New World]'/teabs_doctor_who_mod:future_trenzalore
[01Sept2025 23:55:52.470] [Server thread/INFO] [net.minecraft.server.MinecraftServer/]: Saving chunks for level 'ServerLevel[New World]'/teabs_doctor_who_mod:cave_game
[01Sept2025 23:55:52.476] [Server thread/INFO] [net.minecraft.server.MinecraftServer/]: Saving chunks for level 'ServerLevel[New World]'/teabs_doctor_who_mod:gallifrey
[01Sept2025 23:55:52.481] [Server thread/INFO] [net.minecraft.server.MinecraftServer/]: Saving chunks for level 'ServerLevel[New World]'/teabs_doctor_who_mod:genesis_skaro
[01Sept2025 23:55:52.543] [Server thread/INFO] [net.minecraft.server.MinecraftServer/]: ThreadedAnvilChunkStorage (New World): All chunks are saved
[01Sept2025 23:55:52.544] [Server thread/INFO] [net.minecraft.server.MinecraftServer/]: ThreadedAnvilChunkStorage (skaro): All chunks are saved
[01Sept2025 23:55:52.544] [Server thread/INFO] [net.minecraft.server.MinecraftServer/]: ThreadedAnvilChunkStorage (mondas): All chunks are saved
[01Sept2025 23:55:52.544] [Server thread/INFO] [net.minecraft.server.MinecraftServer/]: ThreadedAnvilChunkStorage (tardis_dimension): All chunks are saved
[01Sept2025 23:55:52.544] [Server thread/INFO] [net.minecraft.server.MinecraftServer/]: ThreadedAnvilChunkStorage (apocalyptic_earth): All chunks are saved
[01Sept2025 23:55:52.544] [Server thread/INFO] [net.minecraft.server.MinecraftServer/]: ThreadedAnvilChunkStorage (minecraft_classic): All chunks are saved
[01Sept2025 23:55:52.544] [Server thread/INFO] [net.minecraft.server.MinecraftServer/]: ThreadedAnvilChunkStorage (mars): All chunks are saved
[01Sept2025 23:55:52.544] [Server thread/INFO] [net.minecraft.server.MinecraftServer/]: ThreadedAnvilChunkStorage (the_slip): All chunks are saved
[01Sept2025 23:55:52.544] [Server thread/INFO] [net.minecraft.server.MinecraftServer/]: ThreadedAnvilChunkStorage (DIM-1): All chunks are saved
[01Sept2025 23:55:52.544] [Server thread/INFO] [net.minecraft.server.MinecraftServer/]: ThreadedAnvilChunkStorage (tardis_dim): All chunks are saved
[01Sept2025 23:55:52.544] [Server thread/INFO] [net.minecraft.server.MinecraftServer/]: ThreadedAnvilChunkStorage (the_moon): All chunks are saved
[01Sept2025 23:55:52.544] [Server thread/INFO] [net.minecraft.server.MinecraftServer/]: ThreadedAnvilChunkStorage (midnight): All chunks are saved
[01Sept2025 23:55:52.544] [Server thread/INFO] [net.minecraft.server.MinecraftServer/]: ThreadedAnvilChunkStorage (ood_sphere): All chunks are saved
[01Sept2025 23:55:52.544] [Server thread/INFO] [net.minecraft.server.MinecraftServer/]: ThreadedAnvilChunkStorage (pocket_dimension): All chunks are saved
[01Sept2025 23:55:52.545] [Server thread/INFO] [net.minecraft.server.MinecraftServer/]: ThreadedAnvilChunkStorage (prehistoric_earth): All chunks are saved
[01Sept2025 23:55:52.545] [Server thread/INFO] [net.minecraft.server.MinecraftServer/]: ThreadedAnvilChunkStorage (DIM1): All chunks are saved
[01Sept2025 23:55:52.545] [Server thread/INFO] [net.minecraft.server.MinecraftServer/]: ThreadedAnvilChunkStorage (trenzalore): All chunks are saved
[01Sept2025 23:55:52.545] [Server thread/INFO] [net.minecraft.server.MinecraftServer/]: ThreadedAnvilChunkStorage (future_trenzalore): All chunks are saved
[01Sept2025 23:55:52.545] [Server thread/INFO] [net.minecraft.server.MinecraftServer/]: ThreadedAnvilChunkStorage (cave_game): All chunks are saved
[01Sept2025 23:55:52.545] [Server thread/INFO] [net.minecraft.server.MinecraftServer/]: ThreadedAnvilChunkStorage (gallifrey): All chunks are saved
[01Sept2025 23:55:52.545] [Server thread/INFO] [net.minecraft.server.MinecraftServer/]: ThreadedAnvilChunkStorage (genesis_skaro): All chunks are saved
[01Sept2025 23:55:52.545] [Server thread/INFO] [net.minecraft.server.MinecraftServer/]: ThreadedAnvilChunkStorage: All dimensions are saved
